[INFO] Scanning for projects...
[WARNING] 
[WARNING] Some problems were encountered while building the effective model for org.apache.sling:org.apache.sling.cms.distribution:jar:1.1.9-SNAPSHOT
[WARNING] 'dependencies.dependency.(groupId:artifactId:type:classifier)' must be unique: org.osgi:org.osgi.service.event:jar -> duplicate declaration of version (?) @ line 99, column 21
[WARNING] 
[WARNING] It is highly recommended to fix these problems because they threaten the stability of your build.
[WARNING] 
[WARNING] For this reason, future Maven versions might no longer support building such malformed projects.
[WARNING] 
[INFO] ------------------------------------------------------------------------
[INFO] Reactor Build Order:
[INFO] 
[INFO] Apache Sling - CMS                                                 [pom]
[INFO] Apache Sling - CMS API                                             [jar]
[INFO] Apache Sling - CMS Core                                            [jar]
[INFO] Apache Sling - Login Fragment                                      [jar]
[INFO] Apache Sling - CMS Frontend                                        [jar]
[INFO] Apache Sling - CMS UI                                              [jar]
[INFO] Apache Sling - CMS Reference Application                           [jar]
[INFO] Apache Sling - CMS Content Distribution                            [jar]
[INFO] Apache Sling Thumbnail Support                                     [jar]
[INFO] Apache Sling - CMS Feature Model                                   [jar]
[INFO] Apache Sling - CMS Archetype                           [maven-archetype]
[INFO] Apache Sling - CMS Integration Tests                               [jar]
[INFO] 
[INFO] ---------------< org.apache.sling:org.apache.sling.cms >----------------
[INFO] Building Apache Sling - CMS 1.1.9-SNAPSHOT                        [1/12]
[INFO]   from pom.xml
[INFO] --------------------------------[ pom ]---------------------------------
[INFO] 
[INFO] --- clean:3.5.0:clean (default-clean) @ org.apache.sling.cms ---
[INFO] Deleting /Users/phoolchandra/projects/sling-org-apache-sling-app-cms/target
[INFO] 
[INFO] --- enforcer:3.5.0:enforce (enforce-maven-version) @ org.apache.sling.cms ---
[INFO] Rule 0: org.apache.maven.enforcer.rules.version.RequireMavenVersion passed
[INFO] 
[INFO] --- enforcer:3.5.0:enforce (enforce-java-version) @ org.apache.sling.cms ---
[INFO] Rule 0: org.apache.maven.enforcer.rules.version.RequireJavaVersion passed
[INFO] 
[INFO] --- enforcer:3.5.0:enforce (enforce-sling-java-version) @ org.apache.sling.cms ---
[INFO] Rule 0: org.apache.maven.enforcer.rules.property.RequireProperty passed
[INFO] 
[INFO] --- enforcer:3.5.0:enforce (enforce-explicit-scope) @ org.apache.sling.cms ---
[INFO] Rule 0: org.apache.maven.enforcer.rules.RequireExplicitDependencyScope passed
[INFO] 
[INFO] --- enforcer:3.5.0:enforce (enforce-scope-of-annotation-deps) @ org.apache.sling.cms ---
[INFO] Rule 0: org.apache.maven.enforcer.rules.dependency.BannedDependencies passed
[INFO] 
[INFO] --- enforcer:3.5.0:enforce (ban-plugins-and-dependencies) @ org.apache.sling.cms ---
[INFO] Rule 0: org.apache.maven.enforcer.rules.BannedPlugins passed
[INFO] Rule 1: org.apache.maven.enforcer.rules.dependency.BannedDependencies passed
[INFO] Rule 2: org.apache.maven.enforcer.rules.BannedPlugins passed
[INFO] Rule 3: org.apache.maven.enforcer.rules.BannedPlugins passed
[INFO] Rule 4: org.apache.maven.enforcer.rules.dependency.BannedDependencies passed
[INFO] Rule 5: org.apache.maven.enforcer.rules.dependency.BannedDependencies passed
[INFO] 
[INFO] --- spotless:3.0.0:check (default) @ org.apache.sling.cms ---
[INFO] Index file does not exist. Fallback to an empty index
[INFO] Sorting file /var/folders/93/7t78nck178j79g2l8yw4kf0m0000gn/T/pom18198397883494545160.xml
[INFO] Pom file is already sorted, exiting
[INFO] Spotless.Pom is keeping 1 files clean - 0 needs changes to be clean, 1 were already clean, 0 were skipped because caching determined they were already clean
[INFO] 
[INFO] --- remote-resources:3.3.0:process (process-resource-bundles) @ org.apache.sling.cms ---
[INFO] Preparing remote bundle org.apache.apache.resources:apache-jar-resource-bundle:1.7
[INFO] Copying 3 resources from 1 bundle.
[INFO] 
[INFO] --- remote-resources:3.3.0:process (remote-resources-custom-notice) @ org.apache.sling.cms ---
[INFO] Preparing remote bundle org.apache.sling:apache-sling-jar-resource-bundle:1.0.2
[INFO] Preparing remote bundle org.apache:apache-jar-resource-bundle:1.4
[INFO] Copying 3 resources from 1 bundle.
[INFO] 
[INFO] --- bnd:7.1.0:bnd-process (bnd-process) @ org.apache.sling.cms ---
[INFO] 
[INFO] --- source:3.3.1:jar-no-fork (attach-sources) @ org.apache.sling.cms ---
[INFO] 
[INFO] --- tools:1.4:verify-legal-files (verify-legal-files) @ org.apache.sling.cms ---
[INFO] 
[INFO] --- apache-rat:0.16.1:check (rat-check) @ org.apache.sling.cms ---
[INFO] Rat check: Summary over all files. Unapproved: 0, unknown: 0, generated: 1, approved: 22 licenses.
[INFO] 
[INFO] --- apache-rat:0.16.1:check (default) @ org.apache.sling.cms ---
[INFO] Rat check: Summary over all files. Unapproved: 0, unknown: 0, generated: 1, approved: 22 licenses.
[INFO] 
[INFO] --- bnd-baseline:7.1.0:baseline (bnd-baseline) @ org.apache.sling.cms ---
[INFO] skip project with packaging=pom
[INFO] 
[INFO] --- install:3.1.4:install (default-install) @ org.apache.sling.cms ---
[INFO] Installing /Users/phoolchandra/projects/sling-org-apache-sling-app-cms/pom.xml to /Users/phoolchandra/.m2/repository/org/apache/sling/org.apache.sling.cms/1.1.9-SNAPSHOT/org.apache.sling.cms-1.1.9-SNAPSHOT.pom
[INFO] 
[INFO] -------------< org.apache.sling:org.apache.sling.cms.api >--------------
[INFO] Building Apache Sling - CMS API 1.1.9-SNAPSHOT                    [2/12]
[INFO]   from api/pom.xml
[INFO] --------------------------------[ jar ]---------------------------------
[INFO] 
[INFO] --- clean:3.5.0:clean (default-clean) @ org.apache.sling.cms.api ---
[INFO] Deleting /Users/phoolchandra/projects/sling-org-apache-sling-app-cms/api/target
[INFO] 
[INFO] --- enforcer:3.5.0:enforce (enforce-maven-version) @ org.apache.sling.cms.api ---
[INFO] 
[INFO] --- enforcer:3.5.0:enforce (enforce-java-version) @ org.apache.sling.cms.api ---
[INFO] 
[INFO] --- enforcer:3.5.0:enforce (enforce-sling-java-version) @ org.apache.sling.cms.api ---
[INFO] Rule 0: org.apache.maven.enforcer.rules.property.RequireProperty passed
[INFO] 
[INFO] --- enforcer:3.5.0:enforce (enforce-explicit-scope) @ org.apache.sling.cms.api ---
[INFO] Rule 0: org.apache.maven.enforcer.rules.RequireExplicitDependencyScope passed
[INFO] 
[INFO] --- enforcer:3.5.0:enforce (enforce-scope-of-annotation-deps) @ org.apache.sling.cms.api ---
[INFO] Rule 0: org.apache.maven.enforcer.rules.dependency.BannedDependencies passed
[INFO] 
[INFO] --- enforcer:3.5.0:enforce (ban-plugins-and-dependencies) @ org.apache.sling.cms.api ---
[INFO] Rule 0: org.apache.maven.enforcer.rules.BannedPlugins passed
[INFO] Rule 1: org.apache.maven.enforcer.rules.dependency.BannedDependencies passed
[INFO] Rule 2: org.apache.maven.enforcer.rules.BannedPlugins passed
[INFO] Rule 3: org.apache.maven.enforcer.rules.BannedPlugins passed
[INFO] Rule 4: org.apache.maven.enforcer.rules.dependency.BannedDependencies passed
[INFO] Rule 5: org.apache.maven.enforcer.rules.dependency.BannedDependencies passed
[INFO] 
[INFO] --- spotless:3.0.0:check (default) @ org.apache.sling.cms.api ---
[INFO] Index file does not exist. Fallback to an empty index
[INFO] Spotless.Java is keeping 84 files clean - 0 needs changes to be clean, 84 were already clean, 0 were skipped because caching determined they were already clean
[INFO] Sorting file /var/folders/93/7t78nck178j79g2l8yw4kf0m0000gn/T/pom16705609990471230253.xml
[INFO] Pom file is already sorted, exiting
[INFO] Spotless.Pom is keeping 1 files clean - 0 needs changes to be clean, 1 were already clean, 0 were skipped because caching determined they were already clean
[INFO] 
[INFO] --- remote-resources:3.3.0:process (process-resource-bundles) @ org.apache.sling.cms.api ---
[INFO] Preparing remote bundle org.apache.apache.resources:apache-jar-resource-bundle:1.7
[INFO] Copying 3 resources from 1 bundle.
[INFO] 
[INFO] --- remote-resources:3.3.0:process (remote-resources-custom-notice) @ org.apache.sling.cms.api ---
[INFO] Preparing remote bundle org.apache.sling:apache-sling-jar-resource-bundle:1.0.2
[INFO] Preparing remote bundle org.apache:apache-jar-resource-bundle:1.4
[INFO] Copying 3 resources from 1 bundle.
[INFO] 
[INFO] --- resources:3.3.1:copy-resources (copy-legal-files) @ org.apache.sling.cms.api ---
[INFO] Copying 2 resources from .. to target/classes/META-INF
[INFO] 
[INFO] --- resources:3.3.1:resources (default-resources) @ org.apache.sling.cms.api ---
[INFO] skip non existing resourceDirectory /Users/phoolchandra/projects/sling-org-apache-sling-app-cms/api/src/main/resources
[INFO] Copying 3 resources from target/maven-shared-archive-resources to target/classes
[INFO] Copying 3 resources from target/maven-shared-archive-resources to target/classes
[INFO] 
[INFO] --- compiler:3.14.0:compile (default-compile) @ org.apache.sling.cms.api ---
[INFO] Recompiling the module because of changed source code.
[INFO] Compiling 79 source files with javac [debug release 21] to target/classes
[INFO] /Users/phoolchandra/projects/sling-org-apache-sling-app-cms/api/src/main/java/org/apache/sling/cms/Reference.java: /Users/phoolchandra/projects/sling-org-apache-sling-app-cms/api/src/main/java/org/apache/sling/cms/Reference.java uses or overrides a deprecated API.
[INFO] /Users/phoolchandra/projects/sling-org-apache-sling-app-cms/api/src/main/java/org/apache/sling/cms/Reference.java: Recompile with -Xlint:deprecation for details.
[INFO] 
[INFO] --- bnd:7.1.0:bnd-process (bnd-process) @ org.apache.sling.cms.api ---
[INFO] 
[INFO] --- resources:3.3.1:testResources (default-testResources) @ org.apache.sling.cms.api ---
[INFO] Copying 1 resource from src/test/resources to target/test-classes
[INFO] Copying 3 resources from target/maven-shared-archive-resources to target/test-classes
[INFO] Copying 3 resources from target/maven-shared-archive-resources to target/test-classes
[INFO] 
[INFO] --- compiler:3.14.0:testCompile (default-testCompile) @ org.apache.sling.cms.api ---
[INFO] Recompiling the module because of changed dependency.
[INFO] Compiling 5 source files with javac [debug release 21] to target/test-classes
[INFO] Annotation processing is enabled because one or more processors were found
  on the class path. A future release of javac may disable annotation processing
  unless at least one processor is specified by name (-processor), or a search
  path is specified (--processor-path, --processor-module-path), or annotation
  processing is enabled explicitly (-proc:only, -proc:full).
  Use -Xlint:-options to suppress this message.
  Use -proc:none to disable annotation processing.
[INFO] 
[INFO] --- surefire:3.5.3:test (default-test) @ org.apache.sling.cms.api ---
[INFO] Using auto detected provider org.apache.maven.surefire.junitplatform.JUnitPlatformProvider
[INFO] 
[INFO] -------------------------------------------------------
[INFO]  T E S T S
[INFO] -------------------------------------------------------
[INFO] Running org.apache.sling.cms.publication.PublicationExceptionTest
[INFO] Tests run: 2, Failures: 0, Errors: 0, Skipped: 0, Time elapsed: 0.013 s -- in org.apache.sling.cms.publication.PublicationExceptionTest
[INFO] Running org.apache.sling.cms.publication.IsPublishableResourceContainerTest
Mockito is currently self-attaching to enable the inline-mock-maker. This will no longer work in future releases of the JDK. Please add Mockito as an agent to your build as described in Mockito's documentation: https://javadoc.io/doc/org.mockito/mockito-core/latest/org.mockito/org/mockito/Mockito.html#0.3
OpenJDK 64-Bit Server VM warning: Sharing is only supported for boot loader classes because bootstrap classpath has been appended
WARNING: A Java agent has been loaded dynamically (/Users/phoolchandra/.m2/repository/net/bytebuddy/byte-buddy-agent/1.17.7/byte-buddy-agent-1.17.7.jar)
WARNING: If a serviceability tool is in use, please run with -XX:+EnableDynamicAgentLoading to hide this warning
WARNING: If a serviceability tool is not in use, please run with -Djdk.instrument.traceUsage for more information
WARNING: Dynamic loading of agents will be disallowed by default in a future release
[INFO] Tests run: 1, Failures: 0, Errors: 0, Skipped: 0, Time elapsed: 0.559 s -- in org.apache.sling.cms.publication.IsPublishableResourceContainerTest
[INFO] Running org.apache.sling.cms.publication.PublicationEventTest
[INFO] Tests run: 2, Failures: 0, Errors: 0, Skipped: 0, Time elapsed: 0.017 s -- in org.apache.sling.cms.publication.PublicationEventTest
[INFO] Running org.apache.sling.cms.publication.IsPublishableResourceTypeTest
[INFO] Tests run: 1, Failures: 0, Errors: 0, Skipped: 0, Time elapsed: 0.027 s -- in org.apache.sling.cms.publication.IsPublishableResourceTypeTest
[INFO] Running org.apache.sling.cms.ResourceTreeTest
SLF4J: Failed to load class "org.slf4j.impl.StaticLoggerBinder".
SLF4J: Defaulting to no-operation (NOP) logger implementation
SLF4J: See http://www.slf4j.org/codes.html#StaticLoggerBinder for further details.
[INFO] Tests run: 3, Failures: 0, Errors: 0, Skipped: 0, Time elapsed: 0.283 s -- in org.apache.sling.cms.ResourceTreeTest
[INFO] 
[INFO] Results:
[INFO] 
[INFO] Tests run: 9, Failures: 0, Errors: 0, Skipped: 0
[INFO] 
[INFO] 
[INFO] --- jar:3.4.2:jar (default-jar) @ org.apache.sling.cms.api ---
[INFO] Building jar: /Users/phoolchandra/projects/sling-org-apache-sling-app-cms/api/target/org.apache.sling.cms.api-1.1.9-SNAPSHOT.jar
[INFO] 
[INFO] --- source:3.3.1:jar-no-fork (attach-sources) @ org.apache.sling.cms.api ---
[INFO] Building jar: /Users/phoolchandra/projects/sling-org-apache-sling-app-cms/api/target/org.apache.sling.cms.api-1.1.9-SNAPSHOT-sources.jar
[INFO] 
[INFO] --- tools:1.4:verify-legal-files (verify-legal-files) @ org.apache.sling.cms.api ---
[INFO] Checking legal files in: org.apache.sling.cms.api-1.1.9-SNAPSHOT.jar
[INFO] Checking legal files in: org.apache.sling.cms.api-1.1.9-SNAPSHOT-sources.jar
[INFO] 
[INFO] --- apache-rat:0.16.1:check (rat-check) @ org.apache.sling.cms.api ---
[INFO] Rat check: Summary over all files. Unapproved: 0, unknown: 0, generated: 0, approved: 85 licenses.
[INFO] 
[INFO] --- apache-rat:0.16.1:check (default) @ org.apache.sling.cms.api ---
[INFO] Rat check: Summary over all files. Unapproved: 0, unknown: 0, generated: 0, approved: 85 licenses.
[INFO] 
[INFO] --- bnd-baseline:7.1.0:baseline (bnd-baseline) @ org.apache.sling.cms.api ---
[INFO] Determining the baseline version for org.apache.sling:org.apache.sling.cms.api:jar:(,1.1.9-SNAPSHOT) using repositories [apache.snapshots (https://repository.apache.org/snapshots, default, snapshots), central (https://repo.maven.apache.org/maven2, default, releases)]
[INFO] The baseline version was found to be 1.1.8
[INFO] Baseline bundle /Users/phoolchandra/projects/sling-org-apache-sling-app-cms/api/target/org.apache.sling.cms.api-1.1.9-SNAPSHOT.jar against baseline /Users/phoolchandra/.m2/repository/org/apache/sling/org.apache.sling.cms.api/1.1.8/org.apache.sling.cms.api-1.1.8.jar
[INFO] Baseline check succeeded. See the report in /Users/phoolchandra/projects/sling-org-apache-sling-app-cms/api/target/baseline/org.apache.sling.cms.api-1.1.9-SNAPSHOT.txt.
[INFO] 
[INFO] --- install:3.1.4:install (default-install) @ org.apache.sling.cms.api ---
[INFO] Installing /Users/phoolchandra/projects/sling-org-apache-sling-app-cms/api/pom.xml to /Users/phoolchandra/.m2/repository/org/apache/sling/org.apache.sling.cms.api/1.1.9-SNAPSHOT/org.apache.sling.cms.api-1.1.9-SNAPSHOT.pom
[INFO] Installing /Users/phoolchandra/projects/sling-org-apache-sling-app-cms/api/target/org.apache.sling.cms.api-1.1.9-SNAPSHOT.jar to /Users/phoolchandra/.m2/repository/org/apache/sling/org.apache.sling.cms.api/1.1.9-SNAPSHOT/org.apache.sling.cms.api-1.1.9-SNAPSHOT.jar
[INFO] Installing /Users/phoolchandra/projects/sling-org-apache-sling-app-cms/api/target/org.apache.sling.cms.api-1.1.9-SNAPSHOT-sources.jar to /Users/phoolchandra/.m2/repository/org/apache/sling/org.apache.sling.cms.api/1.1.9-SNAPSHOT/org.apache.sling.cms.api-1.1.9-SNAPSHOT-sources.jar
[INFO] 
[INFO] -------------< org.apache.sling:org.apache.sling.cms.core >-------------
[INFO] Building Apache Sling - CMS Core 1.1.9-SNAPSHOT                   [3/12]
[INFO]   from core/pom.xml
[INFO] --------------------------------[ jar ]---------------------------------
[INFO] 
[INFO] --- clean:3.5.0:clean (default-clean) @ org.apache.sling.cms.core ---
[INFO] Deleting /Users/phoolchandra/projects/sling-org-apache-sling-app-cms/core/target
[INFO] 
[INFO] --- enforcer:3.5.0:enforce (enforce-maven-version) @ org.apache.sling.cms.core ---
[INFO] 
[INFO] --- enforcer:3.5.0:enforce (enforce-java-version) @ org.apache.sling.cms.core ---
[INFO] 
[INFO] --- enforcer:3.5.0:enforce (enforce-sling-java-version) @ org.apache.sling.cms.core ---
[INFO] Rule 0: org.apache.maven.enforcer.rules.property.RequireProperty passed
[INFO] 
[INFO] --- enforcer:3.5.0:enforce (enforce-explicit-scope) @ org.apache.sling.cms.core ---
[INFO] Rule 0: org.apache.maven.enforcer.rules.RequireExplicitDependencyScope passed
[INFO] 
[INFO] --- enforcer:3.5.0:enforce (enforce-scope-of-annotation-deps) @ org.apache.sling.cms.core ---
[INFO] Rule 0: org.apache.maven.enforcer.rules.dependency.BannedDependencies passed
[INFO] 
[INFO] --- enforcer:3.5.0:enforce (ban-plugins-and-dependencies) @ org.apache.sling.cms.core ---
[INFO] Rule 0: org.apache.maven.enforcer.rules.BannedPlugins passed
[INFO] Rule 1: org.apache.maven.enforcer.rules.dependency.BannedDependencies passed
[INFO] Rule 2: org.apache.maven.enforcer.rules.BannedPlugins passed
[INFO] Rule 3: org.apache.maven.enforcer.rules.BannedPlugins passed
[INFO] Rule 4: org.apache.maven.enforcer.rules.dependency.BannedDependencies passed
[INFO] Rule 5: org.apache.maven.enforcer.rules.dependency.BannedDependencies passed
[INFO] 
[INFO] --- spotless:3.0.0:check (default) @ org.apache.sling.cms.core ---
[INFO] Index file does not exist. Fallback to an empty index
[INFO] Spotless.Java is keeping 174 files clean - 0 needs changes to be clean, 174 were already clean, 0 were skipped because caching determined they were already clean
[INFO] Sorting file /var/folders/93/7t78nck178j79g2l8yw4kf0m0000gn/T/pom9720184387327335765.xml
[INFO] Pom file is already sorted, exiting
[INFO] Spotless.Pom is keeping 1 files clean - 0 needs changes to be clean, 1 were already clean, 0 were skipped because caching determined they were already clean
[INFO] 
[INFO] --- remote-resources:3.3.0:process (process-resource-bundles) @ org.apache.sling.cms.core ---
[INFO] Preparing remote bundle org.apache.apache.resources:apache-jar-resource-bundle:1.7
[INFO] Copying 3 resources from 1 bundle.
[INFO] 
[INFO] --- remote-resources:3.3.0:process (remote-resources-custom-notice) @ org.apache.sling.cms.core ---
[INFO] Preparing remote bundle org.apache.sling:apache-sling-jar-resource-bundle:1.0.2
[INFO] Preparing remote bundle org.apache:apache-jar-resource-bundle:1.4
[INFO] Copying 3 resources from 1 bundle.
[INFO] 
[INFO] --- resources:3.3.1:copy-resources (copy-legal-files) @ org.apache.sling.cms.core ---
[INFO] Copying 2 resources from .. to target/classes/META-INF
[INFO] 
[INFO] --- resources:3.3.1:resources (default-resources) @ org.apache.sling.cms.core ---
[INFO] Copying 8 resources from src/main/resources to target/classes
[INFO] Copying 3 resources from target/maven-shared-archive-resources to target/classes
[INFO] Copying 3 resources from target/maven-shared-archive-resources to target/classes
[INFO] 
[INFO] --- compiler:3.14.0:compile (default-compile) @ org.apache.sling.cms.core ---
[INFO] Recompiling the module because of changed dependency.
[INFO] Compiling 140 source files with javac [debug release 21] to target/classes
[INFO] Annotation processing is enabled because one or more processors were found
  on the class path. A future release of javac may disable annotation processing
  unless at least one processor is specified by name (-processor), or a search
  path is specified (--processor-path, --processor-module-path), or annotation
  processing is enabled explicitly (-proc:only, -proc:full).
  Use -Xlint:-options to suppress this message.
  Use -proc:none to disable annotation processing.
[INFO] /Users/phoolchandra/projects/sling-org-apache-sling-app-cms/core/src/main/java/org/apache/sling/cms/core/internal/IndexCreator.java: Some input files use or override a deprecated API.
[INFO] /Users/phoolchandra/projects/sling-org-apache-sling-app-cms/core/src/main/java/org/apache/sling/cms/core/internal/IndexCreator.java: Recompile with -Xlint:deprecation for details.
[INFO] 
[INFO] --- bnd:7.1.0:bnd-process (bnd-process) @ org.apache.sling.cms.core ---
[INFO] 
[INFO] --- resources:3.3.1:testResources (default-testResources) @ org.apache.sling.cms.core ---
[INFO] Copying 11 resources from src/test/resources to target/test-classes
[INFO] Copying 3 resources from target/maven-shared-archive-resources to target/test-classes
[INFO] Copying 3 resources from target/maven-shared-archive-resources to target/test-classes
[INFO] 
[INFO] --- compiler:3.14.0:testCompile (default-testCompile) @ org.apache.sling.cms.core ---
[INFO] Recompiling the module because of changed dependency.
[INFO] Compiling 34 source files with javac [debug release 21] to target/test-classes
[INFO] Annotation processing is enabled because one or more processors were found
  on the class path. A future release of javac may disable annotation processing
  unless at least one processor is specified by name (-processor), or a search
  path is specified (--processor-path, --processor-module-path), or annotation
  processing is enabled explicitly (-proc:only, -proc:full).
  Use -Xlint:-options to suppress this message.
  Use -proc:none to disable annotation processing.
[INFO] /Users/phoolchandra/projects/sling-org-apache-sling-app-cms/core/src/test/java/org/apache/sling/cms/core/internal/FileMetadataExtractorImplTest.java: Some input files use or override a deprecated API.
[INFO] /Users/phoolchandra/projects/sling-org-apache-sling-app-cms/core/src/test/java/org/apache/sling/cms/core/internal/FileMetadataExtractorImplTest.java: Recompile with -Xlint:deprecation for details.
[INFO] 
[INFO] --- surefire:3.5.3:test (default-test) @ org.apache.sling.cms.core ---
[INFO] Using auto detected provider org.apache.maven.surefire.junitplatform.JUnitPlatformProvider
[INFO] 
[INFO] -------------------------------------------------------
[INFO]  T E S T S
[INFO] -------------------------------------------------------
WARNING: package java.util.ServiceLoader not in java.base
[INFO] Running org.apache.sling.cms.core.internal.filters.CMSSecurityConfigInstanceTest
Mockito is currently self-attaching to enable the inline-mock-maker. This will no longer work in future releases of the JDK. Please add Mockito as an agent to your build as described in Mockito's documentation: https://javadoc.io/doc/org.mockito/mockito-core/latest/org.mockito/org/mockito/Mockito.html#0.3
OpenJDK 64-Bit Server VM warning: Sharing is only supported for boot loader classes because bootstrap classpath has been appended
WARNING: A Java agent has been loaded dynamically (/Users/phoolchandra/.m2/repository/net/bytebuddy/byte-buddy-agent/1.17.7/byte-buddy-agent-1.17.7.jar)
WARNING: If a serviceability tool is in use, please run with -XX:+EnableDynamicAgentLoading to hide this warning
WARNING: If a serviceability tool is not in use, please run with -Djdk.instrument.traceUsage for more information
WARNING: Dynamic loading of agents will be disallowed by default in a future release
[INFO] Tests run: 3, Failures: 0, Errors: 0, Skipped: 0, Time elapsed: 0.431 s -- in org.apache.sling.cms.core.internal.filters.CMSSecurityConfigInstanceTest
[INFO] Running org.apache.sling.cms.core.internal.enrichers.OCRMetadataEnricherTest
[main] INFO org.apache.sling.cms.core.internal.enrichers.OCRMetadataEnricher - OCRMetadataEnricher activated - enabled: true, priority: 50, language: eng, supported types: [image/png, image/jpeg]
[main] INFO org.apache.sling.cms.core.internal.enrichers.OCRMetadataEnricher - Tesseract OCR is available
[main] INFO org.apache.sling.cms.core.internal.enrichers.OCRMetadataEnricher - OCRMetadataEnricher activated - enabled: true, priority: 50, language: eng, supported types: [image/png, application/pdf]
[main] INFO org.apache.sling.cms.core.internal.enrichers.OCRMetadataEnricher - Tesseract OCR is available
[main] INFO org.apache.sling.cms.core.internal.enrichers.OCRMetadataEnricher - OCRMetadataEnricher activated - enabled: true, priority: 50, language: eng, supported types: [image/png]
[main] INFO org.apache.sling.cms.core.internal.enrichers.OCRMetadataEnricher - Tesseract OCR is available
[main] WARN org.apache.sling.cms.core.internal.enrichers.OCRMetadataEnricher - Text extraction error for /content/dam/test-image.png: Cannot invoke "java.io.InputStream.close()" because "stream" is null
[main] INFO org.apache.sling.cms.core.internal.enrichers.OCRMetadataEnricher - OCRMetadataEnricher activated - enabled: false, priority: 50, language: eng, supported types: [image/png]
[main] INFO org.apache.sling.cms.core.internal.enrichers.OCRMetadataEnricher - OCRMetadataEnricher activated - enabled: true, priority: 75, language: eng, supported types: [image/png]
[main] INFO org.apache.sling.cms.core.internal.enrichers.OCRMetadataEnricher - Tesseract OCR is available
[main] INFO org.apache.sling.cms.core.internal.enrichers.OCRMetadataEnricher - OCRMetadataEnricher activated - enabled: true, priority: 50, language: eng, supported types: [image/png]
[main] INFO org.apache.sling.cms.core.internal.enrichers.OCRMetadataEnricher - Tesseract OCR is available
[main] INFO org.apache.sling.cms.core.internal.enrichers.OCRMetadataEnricher - OCRMetadataEnricher activated - enabled: true, priority: 50, language: eng, supported types: [image/png, image/jpeg]
[main] INFO org.apache.sling.cms.core.internal.enrichers.OCRMetadataEnricher - Tesseract OCR is available
[main] INFO org.apache.sling.cms.core.internal.enrichers.OCRMetadataEnricher - OCRMetadataEnricher activated - enabled: true, priority: 50, language: eng, supported types: [image/png]
[main] INFO org.apache.sling.cms.core.internal.enrichers.OCRMetadataEnricher - Tesseract OCR is available
[main] INFO org.apache.sling.cms.core.internal.enrichers.OCRMetadataEnricher - OCRMetadataEnricher activated - enabled: true, priority: 50, language: eng, supported types: [image/png, image/jpeg]
[main] INFO org.apache.sling.cms.core.internal.enrichers.OCRMetadataEnricher - Tesseract OCR is available
[main] INFO org.apache.sling.cms.core.internal.enrichers.OCRMetadataEnricher - OCRMetadataEnricher activated - enabled: true, priority: 50, language: eng, supported types: [image/png]
[main] INFO org.apache.sling.cms.core.internal.enrichers.OCRMetadataEnricher - Tesseract OCR is available
[main] INFO org.apache.sling.cms.core.internal.enrichers.OCRMetadataEnricherTest - Extracted metadata: {}
[main] INFO org.apache.sling.cms.core.internal.enrichers.OCRMetadataEnricherTest - No OCR text extracted (expected for test images without text)
[main] INFO org.apache.sling.cms.core.internal.enrichers.OCRMetadataEnricher - OCRMetadataEnricher activated - enabled: true, priority: 50, language: fra+eng, supported types: [image/png]
[main] INFO org.apache.sling.cms.core.internal.enrichers.OCRMetadataEnricher - Tesseract OCR is available
[INFO] Tests run: 11, Failures: 0, Errors: 0, Skipped: 0, Time elapsed: 0.190 s -- in org.apache.sling.cms.core.internal.enrichers.OCRMetadataEnricherTest
[INFO] Running org.apache.sling.cms.core.internal.security.SecureXMLParserFactoryTest
[Fatal Error] :1:48: DOCTYPE is disallowed when the feature "http://apache.org/xml/features/disallow-doctype-decl" set to true.
[Fatal Error] :1:48: DOCTYPE is disallowed when the feature "http://apache.org/xml/features/disallow-doctype-decl" set to true.
[Fatal Error] :1:48: DOCTYPE is disallowed when the feature "http://apache.org/xml/features/disallow-doctype-decl" set to true.
[Fatal Error] :1:31: DOCTYPE is disallowed when the feature "http://apache.org/xml/features/disallow-doctype-decl" set to true.
[INFO] Tests run: 15, Failures: 0, Errors: 0, Skipped: 0, Time elapsed: 0.018 s -- in org.apache.sling.cms.core.internal.security.SecureXMLParserFactoryTest
[INFO] Running org.apache.sling.cms.core.internal.ResourceEditorAssociationTest
[INFO] Tests run: 3, Failures: 0, Errors: 0, Skipped: 0, Time elapsed: 0.002 s -- in org.apache.sling.cms.core.internal.ResourceEditorAssociationTest
[INFO] Running org.apache.sling.cms.core.internal.servlets.PreviewFileServletTest
[INFO] Tests run: 1, Failures: 0, Errors: 0, Skipped: 0, Time elapsed: 0.086 s -- in org.apache.sling.cms.core.internal.servlets.PreviewFileServletTest
[INFO] Running org.apache.sling.cms.core.internal.models.AuthorizableWrapperImplTest
SLF4J: Failed toString() invocation on an object of type [org.apache.jackrabbit.api.security.user.Authorizable$MockitoMock$r3HJBcyT]
Reported exception:
javax.jcr.RepositoryException: YAY JCR!
	at org.apache.sling.cms.core.internal.models.AuthorizableWrapperImplTest.lambda$init$0(AuthorizableWrapperImplTest.java:108)
	at org.mockito.internal.handler.MockHandlerImpl.handle(MockHandlerImpl.java:111)
	at org.mockito.internal.handler.NullResultGuardian.handle(NullResultGuardian.java:29)
	at org.mockito.internal.handler.InvocationNotifierHandler.handle(InvocationNotifierHandler.java:34)
	at org.mockito.internal.creation.bytebuddy.access.MockMethodInterceptor.doIntercept(MockMethodInterceptor.java:84)
	at org.mockito.internal.creation.bytebuddy.access.MockMethodInterceptor.doIntercept(MockMethodInterceptor.java:58)
	at org.mockito.internal.creation.bytebuddy.access.MockMethodInterceptor$DispatcherDefaultingToRealMethod.interceptSuperCallable(MockMethodInterceptor.java:147)
	at org.apache.jackrabbit.api.security.user.Authorizable$MockitoMock$r3HJBcyT.toString(Unknown Source)
	at org.slf4j.helpers.MessageFormatter.safeObjectAppend(MessageFormatter.java:277)
	at org.slf4j.helpers.MessageFormatter.deeplyAppendParameter(MessageFormatter.java:249)
	at org.slf4j.helpers.MessageFormatter.arrayFormat(MessageFormatter.java:211)
	at org.slf4j.helpers.MessageFormatter.arrayFormat(MessageFormatter.java:161)
	at org.slf4j.helpers.MessageFormatter.format(MessageFormatter.java:151)
	at org.slf4j.impl.SimpleLogger.formatAndLog(SimpleLogger.java:378)
	at org.slf4j.impl.SimpleLogger.error(SimpleLogger.java:604)
	at org.apache.sling.cms.core.internal.models.AuthorizableWrapperImpl.getMembership(AuthorizableWrapperImpl.java:162)
	at org.apache.sling.cms.core.internal.models.AuthorizableWrapperImplTest.testMembership(AuthorizableWrapperImplTest.java:316)
	at java.base/jdk.internal.reflect.DirectMethodHandleAccessor.invoke(DirectMethodHandleAccessor.java:103)
	at java.base/java.lang.reflect.Method.invoke(Method.java:580)
	at org.junit.platform.commons.util.ReflectionUtils.invokeMethod(ReflectionUtils.java:728)
	at org.junit.jupiter.engine.execution.MethodInvocation.proceed(MethodInvocation.java:60)
	at org.junit.jupiter.engine.execution.InvocationInterceptorChain$ValidatingInvocation.proceed(InvocationInterceptorChain.java:131)
	at org.junit.jupiter.engine.extension.TimeoutExtension.intercept(TimeoutExtension.java:156)
	at org.junit.jupiter.engine.extension.TimeoutExtension.interceptTestableMethod(TimeoutExtension.java:147)
	at org.junit.jupiter.engine.extension.TimeoutExtension.interceptTestMethod(TimeoutExtension.java:86)
	at org.junit.jupiter.engine.execution.InterceptingExecutableInvoker$ReflectiveInterceptorCall.lambda$ofVoidMethod$0(InterceptingExecutableInvoker.java:103)
	at org.junit.jupiter.engine.execution.InterceptingExecutableInvoker.lambda$invoke$0(InterceptingExecutableInvoker.java:93)
	at org.junit.jupiter.engine.execution.InvocationInterceptorChain$InterceptedInvocation.proceed(InvocationInterceptorChain.java:106)
	at org.junit.jupiter.engine.execution.InvocationInterceptorChain.proceed(InvocationInterceptorChain.java:64)
	at org.junit.jupiter.engine.execution.InvocationInterceptorChain.chainAndInvoke(InvocationInterceptorChain.java:45)
	at org.junit.jupiter.engine.execution.InvocationInterceptorChain.invoke(InvocationInterceptorChain.java:37)
	at org.junit.jupiter.engine.execution.InterceptingExecutableInvoker.invoke(InterceptingExecutableInvoker.java:92)
	at org.junit.jupiter.engine.execution.InterceptingExecutableInvoker.invoke(InterceptingExecutableInvoker.java:86)
	at org.junit.jupiter.engine.descriptor.TestMethodTestDescriptor.lambda$invokeTestMethod$7(TestMethodTestDescriptor.java:218)
	at org.junit.platform.engine.support.hierarchical.ThrowableCollector.execute(ThrowableCollector.java:73)
	at org.junit.jupiter.engine.descriptor.TestMethodTestDescriptor.invokeTestMethod(TestMethodTestDescriptor.java:214)
	at org.junit.jupiter.engine.descriptor.TestMethodTestDescriptor.execute(TestMethodTestDescriptor.java:139)
	at org.junit.jupiter.engine.descriptor.TestMethodTestDescriptor.execute(TestMethodTestDescriptor.java:69)
	at org.junit.platform.engine.support.hierarchical.NodeTestTask.lambda$executeRecursively$6(NodeTestTask.java:151)
	at org.junit.platform.engine.support.hierarchical.ThrowableCollector.execute(ThrowableCollector.java:73)
	at org.junit.platform.engine.support.hierarchical.NodeTestTask.lambda$executeRecursively$8(NodeTestTask.java:141)
	at org.junit.platform.engine.support.hierarchical.Node.around(Node.java:137)
	at org.junit.platform.engine.support.hierarchical.NodeTestTask.lambda$executeRecursively$9(NodeTestTask.java:139)
	at org.junit.platform.engine.support.hierarchical.ThrowableCollector.execute(ThrowableCollector.java:73)
	at org.junit.platform.engine.support.hierarchical.NodeTestTask.executeRecursively(NodeTestTask.java:138)
	at org.junit.platform.engine.support.hierarchical.NodeTestTask.execute(NodeTestTask.java:95)
	at java.base/java.util.ArrayList.forEach(ArrayList.java:1596)
	at org.junit.platform.engine.support.hierarchical.SameThreadHierarchicalTestExecutorService.invokeAll(SameThreadHierarchicalTestExecutorService.java:41)
	at org.junit.platform.engine.support.hierarchical.NodeTestTask.lambda$executeRecursively$6(NodeTestTask.java:155)
	at org.junit.platform.engine.support.hierarchical.ThrowableCollector.execute(ThrowableCollector.java:73)
	at org.junit.platform.engine.support.hierarchical.NodeTestTask.lambda$executeRecursively$8(NodeTestTask.java:141)
	at org.junit.platform.engine.support.hierarchical.Node.around(Node.java:137)
	at org.junit.platform.engine.support.hierarchical.NodeTestTask.lambda$executeRecursively$9(NodeTestTask.java:139)
	at org.junit.platform.engine.support.hierarchical.ThrowableCollector.execute(ThrowableCollector.java:73)
	at org.junit.platform.engine.support.hierarchical.NodeTestTask.executeRecursively(NodeTestTask.java:138)
	at org.junit.platform.engine.support.hierarchical.NodeTestTask.execute(NodeTestTask.java:95)
	at java.base/java.util.ArrayList.forEach(ArrayList.java:1596)
	at org.junit.platform.engine.support.hierarchical.SameThreadHierarchicalTestExecutorService.invokeAll(SameThreadHierarchicalTestExecutorService.java:41)
	at org.junit.platform.engine.support.hierarchical.NodeTestTask.lambda$executeRecursively$6(NodeTestTask.java:155)
	at org.junit.platform.engine.support.hierarchical.ThrowableCollector.execute(ThrowableCollector.java:73)
	at org.junit.platform.engine.support.hierarchical.NodeTestTask.lambda$executeRecursively$8(NodeTestTask.java:141)
	at org.junit.platform.engine.support.hierarchical.Node.around(Node.java:137)
	at org.junit.platform.engine.support.hierarchical.NodeTestTask.lambda$executeRecursively$9(NodeTestTask.java:139)
	at org.junit.platform.engine.support.hierarchical.ThrowableCollector.execute(ThrowableCollector.java:73)
	at org.junit.platform.engine.support.hierarchical.NodeTestTask.executeRecursively(NodeTestTask.java:138)
	at org.junit.platform.engine.support.hierarchical.NodeTestTask.execute(NodeTestTask.java:95)
	at org.junit.platform.engine.support.hierarchical.SameThreadHierarchicalTestExecutorService.submit(SameThreadHierarchicalTestExecutorService.java:35)
	at org.junit.platform.engine.support.hierarchical.HierarchicalTestExecutor.execute(HierarchicalTestExecutor.java:57)
	at org.junit.platform.engine.support.hierarchical.HierarchicalTestEngine.execute(HierarchicalTestEngine.java:54)
	at org.junit.platform.launcher.core.EngineExecutionOrchestrator.execute(EngineExecutionOrchestrator.java:198)
	at org.junit.platform.launcher.core.EngineExecutionOrchestrator.execute(EngineExecutionOrchestrator.java:169)
	at org.junit.platform.launcher.core.EngineExecutionOrchestrator.execute(EngineExecutionOrchestrator.java:93)
	at org.junit.platform.launcher.core.EngineExecutionOrchestrator.lambda$execute$0(EngineExecutionOrchestrator.java:58)
	at org.junit.platform.launcher.core.EngineExecutionOrchestrator.withInterceptedStreams(EngineExecutionOrchestrator.java:141)
	at org.junit.platform.launcher.core.EngineExecutionOrchestrator.execute(EngineExecutionOrchestrator.java:57)
	at org.junit.platform.launcher.core.DefaultLauncher.execute(DefaultLauncher.java:103)
	at org.junit.platform.launcher.core.DefaultLauncher.execute(DefaultLauncher.java:85)
	at org.junit.platform.launcher.core.DelegatingLauncher.execute(DelegatingLauncher.java:47)
	at org.apache.maven.surefire.junitplatform.LazyLauncher.execute(LazyLauncher.java:56)
	at org.apache.maven.surefire.junitplatform.JUnitPlatformProvider.execute(JUnitPlatformProvider.java:194)
	at org.apache.maven.surefire.junitplatform.JUnitPlatformProvider.invokeAllTests(JUnitPlatformProvider.java:150)
	at org.apache.maven.surefire.junitplatform.JUnitPlatformProvider.invoke(JUnitPlatformProvider.java:124)
	at org.apache.maven.surefire.booter.ForkedBooter.runSuitesInProcess(ForkedBooter.java:385)
	at org.apache.maven.surefire.booter.ForkedBooter.execute(ForkedBooter.java:162)
	at org.apache.maven.surefire.booter.ForkedBooter.run(ForkedBooter.java:507)
	at org.apache.maven.surefire.booter.ForkedBooter.main(ForkedBooter.java:495)
[main] ERROR org.apache.sling.cms.core.internal.models.AuthorizableWrapperImpl - Failed to get membership of authorizable: [FAILED toString()]
javax.jcr.RepositoryException: YAY JCR!
	at org.apache.sling.cms.core.internal.models.AuthorizableWrapperImplTest.lambda$init$0(AuthorizableWrapperImplTest.java:108)
	at org.mockito.internal.handler.MockHandlerImpl.handle(MockHandlerImpl.java:111)
	at org.mockito.internal.handler.NullResultGuardian.handle(NullResultGuardian.java:29)
	at org.mockito.internal.handler.InvocationNotifierHandler.handle(InvocationNotifierHandler.java:34)
	at org.mockito.internal.creation.bytebuddy.access.MockMethodInterceptor.doIntercept(MockMethodInterceptor.java:84)
	at org.mockito.internal.creation.bytebuddy.access.MockMethodInterceptor.doIntercept(MockMethodInterceptor.java:58)
	at org.mockito.internal.creation.bytebuddy.access.MockMethodInterceptor$DispatcherDefaultingToRealMethod.interceptAbstract(MockMethodInterceptor.java:163)
	at org.apache.jackrabbit.api.security.user.Authorizable$MockitoMock$r3HJBcyT.memberOf(Unknown Source)
	at org.apache.sling.cms.core.internal.models.AuthorizableWrapperImpl.getMembership(AuthorizableWrapperImpl.java:160)
	at org.apache.sling.cms.core.internal.models.AuthorizableWrapperImplTest.testMembership(AuthorizableWrapperImplTest.java:316)
	at java.base/jdk.internal.reflect.DirectMethodHandleAccessor.invoke(DirectMethodHandleAccessor.java:103)
	at java.base/java.lang.reflect.Method.invoke(Method.java:580)
	at org.junit.platform.commons.util.ReflectionUtils.invokeMethod(ReflectionUtils.java:728)
	at org.junit.jupiter.engine.execution.MethodInvocation.proceed(MethodInvocation.java:60)
	at org.junit.jupiter.engine.execution.InvocationInterceptorChain$ValidatingInvocation.proceed(InvocationInterceptorChain.java:131)
	at org.junit.jupiter.engine.extension.TimeoutExtension.intercept(TimeoutExtension.java:156)
	at org.junit.jupiter.engine.extension.TimeoutExtension.interceptTestableMethod(TimeoutExtension.java:147)
	at org.junit.jupiter.engine.extension.TimeoutExtension.interceptTestMethod(TimeoutExtension.java:86)
	at org.junit.jupiter.engine.execution.InterceptingExecutableInvoker$ReflectiveInterceptorCall.lambda$ofVoidMethod$0(InterceptingExecutableInvoker.java:103)
	at org.junit.jupiter.engine.execution.InterceptingExecutableInvoker.lambda$invoke$0(InterceptingExecutableInvoker.java:93)
	at org.junit.jupiter.engine.execution.InvocationInterceptorChain$InterceptedInvocation.proceed(InvocationInterceptorChain.java:106)
	at org.junit.jupiter.engine.execution.InvocationInterceptorChain.proceed(InvocationInterceptorChain.java:64)
	at org.junit.jupiter.engine.execution.InvocationInterceptorChain.chainAndInvoke(InvocationInterceptorChain.java:45)
	at org.junit.jupiter.engine.execution.InvocationInterceptorChain.invoke(InvocationInterceptorChain.java:37)
	at org.junit.jupiter.engine.execution.InterceptingExecutableInvoker.invoke(InterceptingExecutableInvoker.java:92)
	at org.junit.jupiter.engine.execution.InterceptingExecutableInvoker.invoke(InterceptingExecutableInvoker.java:86)
	at org.junit.jupiter.engine.descriptor.TestMethodTestDescriptor.lambda$invokeTestMethod$7(TestMethodTestDescriptor.java:218)
	at org.junit.platform.engine.support.hierarchical.ThrowableCollector.execute(ThrowableCollector.java:73)
	at org.junit.jupiter.engine.descriptor.TestMethodTestDescriptor.invokeTestMethod(TestMethodTestDescriptor.java:214)
	at org.junit.jupiter.engine.descriptor.TestMethodTestDescriptor.execute(TestMethodTestDescriptor.java:139)
	at org.junit.jupiter.engine.descriptor.TestMethodTestDescriptor.execute(TestMethodTestDescriptor.java:69)
	at org.junit.platform.engine.support.hierarchical.NodeTestTask.lambda$executeRecursively$6(NodeTestTask.java:151)
	at org.junit.platform.engine.support.hierarchical.ThrowableCollector.execute(ThrowableCollector.java:73)
	at org.junit.platform.engine.support.hierarchical.NodeTestTask.lambda$executeRecursively$8(NodeTestTask.java:141)
	at org.junit.platform.engine.support.hierarchical.Node.around(Node.java:137)
	at org.junit.platform.engine.support.hierarchical.NodeTestTask.lambda$executeRecursively$9(NodeTestTask.java:139)
	at org.junit.platform.engine.support.hierarchical.ThrowableCollector.execute(ThrowableCollector.java:73)
	at org.junit.platform.engine.support.hierarchical.NodeTestTask.executeRecursively(NodeTestTask.java:138)
	at org.junit.platform.engine.support.hierarchical.NodeTestTask.execute(NodeTestTask.java:95)
	at java.base/java.util.ArrayList.forEach(ArrayList.java:1596)
	at org.junit.platform.engine.support.hierarchical.SameThreadHierarchicalTestExecutorService.invokeAll(SameThreadHierarchicalTestExecutorService.java:41)
	at org.junit.platform.engine.support.hierarchical.NodeTestTask.lambda$executeRecursively$6(NodeTestTask.java:155)
	at org.junit.platform.engine.support.hierarchical.ThrowableCollector.execute(ThrowableCollector.java:73)
	at org.junit.platform.engine.support.hierarchical.NodeTestTask.lambda$executeRecursively$8(NodeTestTask.java:141)
	at org.junit.platform.engine.support.hierarchical.Node.around(Node.java:137)
	at org.junit.platform.engine.support.hierarchical.NodeTestTask.lambda$executeRecursively$9(NodeTestTask.java:139)
	at org.junit.platform.engine.support.hierarchical.ThrowableCollector.execute(ThrowableCollector.java:73)
	at org.junit.platform.engine.support.hierarchical.NodeTestTask.executeRecursively(NodeTestTask.java:138)
	at org.junit.platform.engine.support.hierarchical.NodeTestTask.execute(NodeTestTask.java:95)
	at java.base/java.util.ArrayList.forEach(ArrayList.java:1596)
	at org.junit.platform.engine.support.hierarchical.SameThreadHierarchicalTestExecutorService.invokeAll(SameThreadHierarchicalTestExecutorService.java:41)
	at org.junit.platform.engine.support.hierarchical.NodeTestTask.lambda$executeRecursively$6(NodeTestTask.java:155)
	at org.junit.platform.engine.support.hierarchical.ThrowableCollector.execute(ThrowableCollector.java:73)
	at org.junit.platform.engine.support.hierarchical.NodeTestTask.lambda$executeRecursively$8(NodeTestTask.java:141)
	at org.junit.platform.engine.support.hierarchical.Node.around(Node.java:137)
	at org.junit.platform.engine.support.hierarchical.NodeTestTask.lambda$executeRecursively$9(NodeTestTask.java:139)
	at org.junit.platform.engine.support.hierarchical.ThrowableCollector.execute(ThrowableCollector.java:73)
	at org.junit.platform.engine.support.hierarchical.NodeTestTask.executeRecursively(NodeTestTask.java:138)
	at org.junit.platform.engine.support.hierarchical.NodeTestTask.execute(NodeTestTask.java:95)
	at org.junit.platform.engine.support.hierarchical.SameThreadHierarchicalTestExecutorService.submit(SameThreadHierarchicalTestExecutorService.java:35)
	at org.junit.platform.engine.support.hierarchical.HierarchicalTestExecutor.execute(HierarchicalTestExecutor.java:57)
	at org.junit.platform.engine.support.hierarchical.HierarchicalTestEngine.execute(HierarchicalTestEngine.java:54)
	at org.junit.platform.launcher.core.EngineExecutionOrchestrator.execute(EngineExecutionOrchestrator.java:198)
	at org.junit.platform.launcher.core.EngineExecutionOrchestrator.execute(EngineExecutionOrchestrator.java:169)
	at org.junit.platform.launcher.core.EngineExecutionOrchestrator.execute(EngineExecutionOrchestrator.java:93)
	at org.junit.platform.launcher.core.EngineExecutionOrchestrator.lambda$execute$0(EngineExecutionOrchestrator.java:58)
	at org.junit.platform.launcher.core.EngineExecutionOrchestrator.withInterceptedStreams(EngineExecutionOrchestrator.java:141)
	at org.junit.platform.launcher.core.EngineExecutionOrchestrator.execute(EngineExecutionOrchestrator.java:57)
	at org.junit.platform.launcher.core.DefaultLauncher.execute(DefaultLauncher.java:103)
	at org.junit.platform.launcher.core.DefaultLauncher.execute(DefaultLauncher.java:85)
	at org.junit.platform.launcher.core.DelegatingLauncher.execute(DelegatingLauncher.java:47)
	at org.apache.maven.surefire.junitplatform.LazyLauncher.execute(LazyLauncher.java:56)
	at org.apache.maven.surefire.junitplatform.JUnitPlatformProvider.execute(JUnitPlatformProvider.java:194)
	at org.apache.maven.surefire.junitplatform.JUnitPlatformProvider.invokeAllTests(JUnitPlatformProvider.java:150)
	at org.apache.maven.surefire.junitplatform.JUnitPlatformProvider.invoke(JUnitPlatformProvider.java:124)
	at org.apache.maven.surefire.booter.ForkedBooter.runSuitesInProcess(ForkedBooter.java:385)
	at org.apache.maven.surefire.booter.ForkedBooter.execute(ForkedBooter.java:162)
	at org.apache.maven.surefire.booter.ForkedBooter.run(ForkedBooter.java:507)
	at org.apache.maven.surefire.booter.ForkedBooter.main(ForkedBooter.java:495)
SLF4J: Failed toString() invocation on an object of type [org.apache.jackrabbit.api.security.user.Authorizable$MockitoMock$r3HJBcyT]
Reported exception:
javax.jcr.RepositoryException: YAY JCR!
	at org.apache.sling.cms.core.internal.models.AuthorizableWrapperImplTest.lambda$init$0(AuthorizableWrapperImplTest.java:108)
	at org.mockito.internal.handler.MockHandlerImpl.handle(MockHandlerImpl.java:111)
	at org.mockito.internal.handler.NullResultGuardian.handle(NullResultGuardian.java:29)
	at org.mockito.internal.handler.InvocationNotifierHandler.handle(InvocationNotifierHandler.java:34)
	at org.mockito.internal.creation.bytebuddy.access.MockMethodInterceptor.doIntercept(MockMethodInterceptor.java:84)
	at org.mockito.internal.creation.bytebuddy.access.MockMethodInterceptor.doIntercept(MockMethodInterceptor.java:58)
	at org.mockito.internal.creation.bytebuddy.access.MockMethodInterceptor$DispatcherDefaultingToRealMethod.interceptSuperCallable(MockMethodInterceptor.java:147)
	at org.apache.jackrabbit.api.security.user.Authorizable$MockitoMock$r3HJBcyT.toString(Unknown Source)
	at org.slf4j.helpers.MessageFormatter.safeObjectAppend(MessageFormatter.java:277)
	at org.slf4j.helpers.MessageFormatter.deeplyAppendParameter(MessageFormatter.java:249)
	at org.slf4j.helpers.MessageFormatter.arrayFormat(MessageFormatter.java:211)
	at org.slf4j.helpers.MessageFormatter.arrayFormat(MessageFormatter.java:161)
	at org.slf4j.helpers.MessageFormatter.format(MessageFormatter.java:151)
	at org.slf4j.impl.SimpleLogger.formatAndLog(SimpleLogger.java:378)
	at org.slf4j.impl.SimpleLogger.error(SimpleLogger.java:604)
	at org.apache.sling.cms.core.internal.models.AuthorizableWrapperImpl.getMembership(AuthorizableWrapperImpl.java:162)
	at java.base/java.lang.Iterable.spliterator(Iterable.java:101)
	at org.apache.sling.cms.core.internal.models.AuthorizableWrapperImpl.getGroupNames(AuthorizableWrapperImpl.java:97)
	at org.apache.sling.cms.core.internal.models.AuthorizableWrapperImplTest.testGetGroupNames(AuthorizableWrapperImplTest.java:261)
	at java.base/jdk.internal.reflect.DirectMethodHandleAccessor.invoke(DirectMethodHandleAccessor.java:103)
	at java.base/java.lang.reflect.Method.invoke(Method.java:580)
	at org.junit.platform.commons.util.ReflectionUtils.invokeMethod(ReflectionUtils.java:728)
	at org.junit.jupiter.engine.execution.MethodInvocation.proceed(MethodInvocation.java:60)
	at org.junit.jupiter.engine.execution.InvocationInterceptorChain$ValidatingInvocation.proceed(InvocationInterceptorChain.java:131)
	at org.junit.jupiter.engine.extension.TimeoutExtension.intercept(TimeoutExtension.java:156)
	at org.junit.jupiter.engine.extension.TimeoutExtension.interceptTestableMethod(TimeoutExtension.java:147)
	at org.junit.jupiter.engine.extension.TimeoutExtension.interceptTestMethod(TimeoutExtension.java:86)
	at org.junit.jupiter.engine.execution.InterceptingExecutableInvoker$ReflectiveInterceptorCall.lambda$ofVoidMethod$0(InterceptingExecutableInvoker.java:103)
	at org.junit.jupiter.engine.execution.InterceptingExecutableInvoker.lambda$invoke$0(InterceptingExecutableInvoker.java:93)
	at org.junit.jupiter.engine.execution.InvocationInterceptorChain$InterceptedInvocation.proceed(InvocationInterceptorChain.java:106)
	at org.junit.jupiter.engine.execution.InvocationInterceptorChain.proceed(InvocationInterceptorChain.java:64)
	at org.junit.jupiter.engine.execution.InvocationInterceptorChain.chainAndInvoke(InvocationInterceptorChain.java:45)
	at org.junit.jupiter.engine.execution.InvocationInterceptorChain.invoke(InvocationInterceptorChain.java:37)
	at org.junit.jupiter.engine.execution.InterceptingExecutableInvoker.invoke(InterceptingExecutableInvoker.java:92)
	at org.junit.jupiter.engine.execution.InterceptingExecutableInvoker.invoke(InterceptingExecutableInvoker.java:86)
	at org.junit.jupiter.engine.descriptor.TestMethodTestDescriptor.lambda$invokeTestMethod$7(TestMethodTestDescriptor.java:218)
	at org.junit.platform.engine.support.hierarchical.ThrowableCollector.execute(ThrowableCollector.java:73)
	at org.junit.jupiter.engine.descriptor.TestMethodTestDescriptor.invokeTestMethod(TestMethodTestDescriptor.java:214)
	at org.junit.jupiter.engine.descriptor.TestMethodTestDescriptor.execute(TestMethodTestDescriptor.java:139)
	at org.junit.jupiter.engine.descriptor.TestMethodTestDescriptor.execute(TestMethodTestDescriptor.java:69)
	at org.junit.platform.engine.support.hierarchical.NodeTestTask.lambda$executeRecursively$6(NodeTestTask.java:151)
	at org.junit.platform.engine.support.hierarchical.ThrowableCollector.execute(ThrowableCollector.java:73)
	at org.junit.platform.engine.support.hierarchical.NodeTestTask.lambda$executeRecursively$8(NodeTestTask.java:141)
	at org.junit.platform.engine.support.hierarchical.Node.around(Node.java:137)
	at org.junit.platform.engine.support.hierarchical.NodeTestTask.lambda$executeRecursively$9(NodeTestTask.java:139)
	at org.junit.platform.engine.support.hierarchical.ThrowableCollector.execute(ThrowableCollector.java:73)
	at org.junit.platform.engine.support.hierarchical.NodeTestTask.executeRecursively(NodeTestTask.java:138)
	at org.junit.platform.engine.support.hierarchical.NodeTestTask.execute(NodeTestTask.java:95)
	at java.base/java.util.ArrayList.forEach(ArrayList.java:1596)
	at org.junit.platform.engine.support.hierarchical.SameThreadHierarchicalTestExecutorService.invokeAll(SameThreadHierarchicalTestExecutorService.java:41)
	at org.junit.platform.engine.support.hierarchical.NodeTestTask.lambda$executeRecursively$6(NodeTestTask.java:155)
	at org.junit.platform.engine.support.hierarchical.ThrowableCollector.execute(ThrowableCollector.java:73)
	at org.junit.platform.engine.support.hierarchical.NodeTestTask.lambda$executeRecursively$8(NodeTestTask.java:141)
	at org.junit.platform.engine.support.hierarchical.Node.around(Node.java:137)
	at org.junit.platform.engine.support.hierarchical.NodeTestTask.lambda$executeRecursively$9(NodeTestTask.java:139)
	at org.junit.platform.engine.support.hierarchical.ThrowableCollector.execute(ThrowableCollector.java:73)
	at org.junit.platform.engine.support.hierarchical.NodeTestTask.executeRecursively(NodeTestTask.java:138)
	at org.junit.platform.engine.support.hierarchical.NodeTestTask.execute(NodeTestTask.java:95)
	at java.base/java.util.ArrayList.forEach(ArrayList.java:1596)
	at org.junit.platform.engine.support.hierarchical.SameThreadHierarchicalTestExecutorService.invokeAll(SameThreadHierarchicalTestExecutorService.java:41)
	at org.junit.platform.engine.support.hierarchical.NodeTestTask.lambda$executeRecursively$6(NodeTestTask.java:155)
	at org.junit.platform.engine.support.hierarchical.ThrowableCollector.execute(ThrowableCollector.java:73)
	at org.junit.platform.engine.support.hierarchical.NodeTestTask.lambda$executeRecursively$8(NodeTestTask.java:141)
	at org.junit.platform.engine.support.hierarchical.Node.around(Node.java:137)
	at org.junit.platform.engine.support.hierarchical.NodeTestTask.lambda$executeRecursively$9(NodeTestTask.java:139)
	at org.junit.platform.engine.support.hierarchical.ThrowableCollector.execute(ThrowableCollector.java:73)
	at org.junit.platform.engine.support.hierarchical.NodeTestTask.executeRecursively(NodeTestTask.java:138)
	at org.junit.platform.engine.support.hierarchical.NodeTestTask.execute(NodeTestTask.java:95)
	at org.junit.platform.engine.support.hierarchical.SameThreadHierarchicalTestExecutorService.submit(SameThreadHierarchicalTestExecutorService.java:35)
	at org.junit.platform.engine.support.hierarchical.HierarchicalTestExecutor.execute(HierarchicalTestExecutor.java:57)
	at org.junit.platform.engine.support.hierarchical.HierarchicalTestEngine.execute(HierarchicalTestEngine.java:54)
	at org.junit.platform.launcher.core.EngineExecutionOrchestrator.execute(EngineExecutionOrchestrator.java:198)
	at org.junit.platform.launcher.core.EngineExecutionOrchestrator.execute(EngineExecutionOrchestrator.java:169)
	at org.junit.platform.launcher.core.EngineExecutionOrchestrator.execute(EngineExecutionOrchestrator.java:93)
	at org.junit.platform.launcher.core.EngineExecutionOrchestrator.lambda$execute$0(EngineExecutionOrchestrator.java:58)
	at org.junit.platform.launcher.core.EngineExecutionOrchestrator.withInterceptedStreams(EngineExecutionOrchestrator.java:141)
	at org.junit.platform.launcher.core.EngineExecutionOrchestrator.execute(EngineExecutionOrchestrator.java:57)
	at org.junit.platform.launcher.core.DefaultLauncher.execute(DefaultLauncher.java:103)
	at org.junit.platform.launcher.core.DefaultLauncher.execute(DefaultLauncher.java:85)
	at org.junit.platform.launcher.core.DelegatingLauncher.execute(DelegatingLauncher.java:47)
	at org.apache.maven.surefire.junitplatform.LazyLauncher.execute(LazyLauncher.java:56)
	at org.apache.maven.surefire.junitplatform.JUnitPlatformProvider.execute(JUnitPlatformProvider.java:194)
	at org.apache.maven.surefire.junitplatform.JUnitPlatformProvider.invokeAllTests(JUnitPlatformProvider.java:150)
	at org.apache.maven.surefire.junitplatform.JUnitPlatformProvider.invoke(JUnitPlatformProvider.java:124)
	at org.apache.maven.surefire.booter.ForkedBooter.runSuitesInProcess(ForkedBooter.java:385)
	at org.apache.maven.surefire.booter.ForkedBooter.execute(ForkedBooter.java:162)
	at org.apache.maven.surefire.booter.ForkedBooter.run(ForkedBooter.java:507)
	at org.apache.maven.surefire.booter.ForkedBooter.main(ForkedBooter.java:495)
[main] ERROR org.apache.sling.cms.core.internal.models.AuthorizableWrapperImpl - Failed to get membership of authorizable: [FAILED toString()]
javax.jcr.RepositoryException: YAY JCR!
	at org.apache.sling.cms.core.internal.models.AuthorizableWrapperImplTest.lambda$init$0(AuthorizableWrapperImplTest.java:108)
	at org.mockito.internal.handler.MockHandlerImpl.handle(MockHandlerImpl.java:111)
	at org.mockito.internal.handler.NullResultGuardian.handle(NullResultGuardian.java:29)
	at org.mockito.internal.handler.InvocationNotifierHandler.handle(InvocationNotifierHandler.java:34)
	at org.mockito.internal.creation.bytebuddy.access.MockMethodInterceptor.doIntercept(MockMethodInterceptor.java:84)
	at org.mockito.internal.creation.bytebuddy.access.MockMethodInterceptor.doIntercept(MockMethodInterceptor.java:58)
	at org.mockito.internal.creation.bytebuddy.access.MockMethodInterceptor$DispatcherDefaultingToRealMethod.interceptAbstract(MockMethodInterceptor.java:163)
	at org.apache.jackrabbit.api.security.user.Authorizable$MockitoMock$r3HJBcyT.memberOf(Unknown Source)
	at org.apache.sling.cms.core.internal.models.AuthorizableWrapperImpl.getMembership(AuthorizableWrapperImpl.java:160)
	at java.base/java.lang.Iterable.spliterator(Iterable.java:101)
	at org.apache.sling.cms.core.internal.models.AuthorizableWrapperImpl.getGroupNames(AuthorizableWrapperImpl.java:97)
	at org.apache.sling.cms.core.internal.models.AuthorizableWrapperImplTest.testGetGroupNames(AuthorizableWrapperImplTest.java:261)
	at java.base/jdk.internal.reflect.DirectMethodHandleAccessor.invoke(DirectMethodHandleAccessor.java:103)
	at java.base/java.lang.reflect.Method.invoke(Method.java:580)
	at org.junit.platform.commons.util.ReflectionUtils.invokeMethod(ReflectionUtils.java:728)
	at org.junit.jupiter.engine.execution.MethodInvocation.proceed(MethodInvocation.java:60)
	at org.junit.jupiter.engine.execution.InvocationInterceptorChain$ValidatingInvocation.proceed(InvocationInterceptorChain.java:131)
	at org.junit.jupiter.engine.extension.TimeoutExtension.intercept(TimeoutExtension.java:156)
	at org.junit.jupiter.engine.extension.TimeoutExtension.interceptTestableMethod(TimeoutExtension.java:147)
	at org.junit.jupiter.engine.extension.TimeoutExtension.interceptTestMethod(TimeoutExtension.java:86)
	at org.junit.jupiter.engine.execution.InterceptingExecutableInvoker$ReflectiveInterceptorCall.lambda$ofVoidMethod$0(InterceptingExecutableInvoker.java:103)
	at org.junit.jupiter.engine.execution.InterceptingExecutableInvoker.lambda$invoke$0(InterceptingExecutableInvoker.java:93)
	at org.junit.jupiter.engine.execution.InvocationInterceptorChain$InterceptedInvocation.proceed(InvocationInterceptorChain.java:106)
	at org.junit.jupiter.engine.execution.InvocationInterceptorChain.proceed(InvocationInterceptorChain.java:64)
	at org.junit.jupiter.engine.execution.InvocationInterceptorChain.chainAndInvoke(InvocationInterceptorChain.java:45)
	at org.junit.jupiter.engine.execution.InvocationInterceptorChain.invoke(InvocationInterceptorChain.java:37)
	at org.junit.jupiter.engine.execution.InterceptingExecutableInvoker.invoke(InterceptingExecutableInvoker.java:92)
	at org.junit.jupiter.engine.execution.InterceptingExecutableInvoker.invoke(InterceptingExecutableInvoker.java:86)
	at org.junit.jupiter.engine.descriptor.TestMethodTestDescriptor.lambda$invokeTestMethod$7(TestMethodTestDescriptor.java:218)
	at org.junit.platform.engine.support.hierarchical.ThrowableCollector.execute(ThrowableCollector.java:73)
	at org.junit.jupiter.engine.descriptor.TestMethodTestDescriptor.invokeTestMethod(TestMethodTestDescriptor.java:214)
	at org.junit.jupiter.engine.descriptor.TestMethodTestDescriptor.execute(TestMethodTestDescriptor.java:139)
	at org.junit.jupiter.engine.descriptor.TestMethodTestDescriptor.execute(TestMethodTestDescriptor.java:69)
	at org.junit.platform.engine.support.hierarchical.NodeTestTask.lambda$executeRecursively$6(NodeTestTask.java:151)
	at org.junit.platform.engine.support.hierarchical.ThrowableCollector.execute(ThrowableCollector.java:73)
	at org.junit.platform.engine.support.hierarchical.NodeTestTask.lambda$executeRecursively$8(NodeTestTask.java:141)
	at org.junit.platform.engine.support.hierarchical.Node.around(Node.java:137)
	at org.junit.platform.engine.support.hierarchical.NodeTestTask.lambda$executeRecursively$9(NodeTestTask.java:139)
	at org.junit.platform.engine.support.hierarchical.ThrowableCollector.execute(ThrowableCollector.java:73)
	at org.junit.platform.engine.support.hierarchical.NodeTestTask.executeRecursively(NodeTestTask.java:138)
	at org.junit.platform.engine.support.hierarchical.NodeTestTask.execute(NodeTestTask.java:95)
	at java.base/java.util.ArrayList.forEach(ArrayList.java:1596)
	at org.junit.platform.engine.support.hierarchical.SameThreadHierarchicalTestExecutorService.invokeAll(SameThreadHierarchicalTestExecutorService.java:41)
	at org.junit.platform.engine.support.hierarchical.NodeTestTask.lambda$executeRecursively$6(NodeTestTask.java:155)
	at org.junit.platform.engine.support.hierarchical.ThrowableCollector.execute(ThrowableCollector.java:73)
	at org.junit.platform.engine.support.hierarchical.NodeTestTask.lambda$executeRecursively$8(NodeTestTask.java:141)
	at org.junit.platform.engine.support.hierarchical.Node.around(Node.java:137)
	at org.junit.platform.engine.support.hierarchical.NodeTestTask.lambda$executeRecursively$9(NodeTestTask.java:139)
	at org.junit.platform.engine.support.hierarchical.ThrowableCollector.execute(ThrowableCollector.java:73)
	at org.junit.platform.engine.support.hierarchical.NodeTestTask.executeRecursively(NodeTestTask.java:138)
	at org.junit.platform.engine.support.hierarchical.NodeTestTask.execute(NodeTestTask.java:95)
	at java.base/java.util.ArrayList.forEach(ArrayList.java:1596)
	at org.junit.platform.engine.support.hierarchical.SameThreadHierarchicalTestExecutorService.invokeAll(SameThreadHierarchicalTestExecutorService.java:41)
	at org.junit.platform.engine.support.hierarchical.NodeTestTask.lambda$executeRecursively$6(NodeTestTask.java:155)
	at org.junit.platform.engine.support.hierarchical.ThrowableCollector.execute(ThrowableCollector.java:73)
	at org.junit.platform.engine.support.hierarchical.NodeTestTask.lambda$executeRecursively$8(NodeTestTask.java:141)
	at org.junit.platform.engine.support.hierarchical.Node.around(Node.java:137)
	at org.junit.platform.engine.support.hierarchical.NodeTestTask.lambda$executeRecursively$9(NodeTestTask.java:139)
	at org.junit.platform.engine.support.hierarchical.ThrowableCollector.execute(ThrowableCollector.java:73)
	at org.junit.platform.engine.support.hierarchical.NodeTestTask.executeRecursively(NodeTestTask.java:138)
	at org.junit.platform.engine.support.hierarchical.NodeTestTask.execute(NodeTestTask.java:95)
	at org.junit.platform.engine.support.hierarchical.SameThreadHierarchicalTestExecutorService.submit(SameThreadHierarchicalTestExecutorService.java:35)
	at org.junit.platform.engine.support.hierarchical.HierarchicalTestExecutor.execute(HierarchicalTestExecutor.java:57)
	at org.junit.platform.engine.support.hierarchical.HierarchicalTestEngine.execute(HierarchicalTestEngine.java:54)
	at org.junit.platform.launcher.core.EngineExecutionOrchestrator.execute(EngineExecutionOrchestrator.java:198)
	at org.junit.platform.launcher.core.EngineExecutionOrchestrator.execute(EngineExecutionOrchestrator.java:169)
	at org.junit.platform.launcher.core.EngineExecutionOrchestrator.execute(EngineExecutionOrchestrator.java:93)
	at org.junit.platform.launcher.core.EngineExecutionOrchestrator.lambda$execute$0(EngineExecutionOrchestrator.java:58)
	at org.junit.platform.launcher.core.EngineExecutionOrchestrator.withInterceptedStreams(EngineExecutionOrchestrator.java:141)
	at org.junit.platform.launcher.core.EngineExecutionOrchestrator.execute(EngineExecutionOrchestrator.java:57)
	at org.junit.platform.launcher.core.DefaultLauncher.execute(DefaultLauncher.java:103)
	at org.junit.platform.launcher.core.DefaultLauncher.execute(DefaultLauncher.java:85)
	at org.junit.platform.launcher.core.DelegatingLauncher.execute(DelegatingLauncher.java:47)
	at org.apache.maven.surefire.junitplatform.LazyLauncher.execute(LazyLauncher.java:56)
	at org.apache.maven.surefire.junitplatform.JUnitPlatformProvider.execute(JUnitPlatformProvider.java:194)
	at org.apache.maven.surefire.junitplatform.JUnitPlatformProvider.invokeAllTests(JUnitPlatformProvider.java:150)
	at org.apache.maven.surefire.junitplatform.JUnitPlatformProvider.invoke(JUnitPlatformProvider.java:124)
	at org.apache.maven.surefire.booter.ForkedBooter.runSuitesInProcess(ForkedBooter.java:385)
	at org.apache.maven.surefire.booter.ForkedBooter.execute(ForkedBooter.java:162)
	at org.apache.maven.surefire.booter.ForkedBooter.run(ForkedBooter.java:507)
	at org.apache.maven.surefire.booter.ForkedBooter.main(ForkedBooter.java:495)
SLF4J: Failed toString() invocation on an object of type [org.apache.jackrabbit.api.security.user.Authorizable$MockitoMock$r3HJBcyT]
Reported exception:
javax.jcr.RepositoryException: YAY JCR!
	at org.apache.sling.cms.core.internal.models.AuthorizableWrapperImplTest.lambda$init$0(AuthorizableWrapperImplTest.java:108)
	at org.mockito.internal.handler.MockHandlerImpl.handle(MockHandlerImpl.java:111)
	at org.mockito.internal.handler.NullResultGuardian.handle(NullResultGuardian.java:29)
	at org.mockito.internal.handler.InvocationNotifierHandler.handle(InvocationNotifierHandler.java:34)
	at org.mockito.internal.creation.bytebuddy.access.MockMethodInterceptor.doIntercept(MockMethodInterceptor.java:84)
	at org.mockito.internal.creation.bytebuddy.access.MockMethodInterceptor.doIntercept(MockMethodInterceptor.java:58)
	at org.mockito.internal.creation.bytebuddy.access.MockMethodInterceptor$DispatcherDefaultingToRealMethod.interceptSuperCallable(MockMethodInterceptor.java:147)
	at org.apache.jackrabbit.api.security.user.Authorizable$MockitoMock$r3HJBcyT.toString(Unknown Source)
	at org.slf4j.helpers.MessageFormatter.safeObjectAppend(MessageFormatter.java:277)
	at org.slf4j.helpers.MessageFormatter.deeplyAppendParameter(MessageFormatter.java:249)
	at org.slf4j.helpers.MessageFormatter.arrayFormat(MessageFormatter.java:211)
	at org.slf4j.helpers.MessageFormatter.arrayFormat(MessageFormatter.java:161)
	at org.slf4j.helpers.MessageFormatter.format(MessageFormatter.java:151)
	at org.slf4j.impl.SimpleLogger.formatAndLog(SimpleLogger.java:378)
	at org.slf4j.impl.SimpleLogger.error(SimpleLogger.java:604)
	at org.apache.sling.cms.core.internal.models.AuthorizableWrapperImpl.getId(AuthorizableWrapperImpl.java:114)
	at org.apache.sling.cms.core.internal.models.AuthorizableWrapperImplTest.testGetId(AuthorizableWrapperImplTest.java:271)
	at java.base/jdk.internal.reflect.DirectMethodHandleAccessor.invoke(DirectMethodHandleAccessor.java:103)
	at java.base/java.lang.reflect.Method.invoke(Method.java:580)
	at org.junit.platform.commons.util.ReflectionUtils.invokeMethod(ReflectionUtils.java:728)
	at org.junit.jupiter.engine.execution.MethodInvocation.proceed(MethodInvocation.java:60)
	at org.junit.jupiter.engine.execution.InvocationInterceptorChain$ValidatingInvocation.proceed(InvocationInterceptorChain.java:131)
	at org.junit.jupiter.engine.extension.TimeoutExtension.intercept(TimeoutExtension.java:156)
	at org.junit.jupiter.engine.extension.TimeoutExtension.interceptTestableMethod(TimeoutExtension.java:147)
	at org.junit.jupiter.engine.extension.TimeoutExtension.interceptTestMethod(TimeoutExtension.java:86)
	at org.junit.jupiter.engine.execution.InterceptingExecutableInvoker$ReflectiveInterceptorCall.lambda$ofVoidMethod$0(InterceptingExecutableInvoker.java:103)
	at org.junit.jupiter.engine.execution.InterceptingExecutableInvoker.lambda$invoke$0(InterceptingExecutableInvoker.java:93)
	at org.junit.jupiter.engine.execution.InvocationInterceptorChain$InterceptedInvocation.proceed(InvocationInterceptorChain.java:106)
	at org.junit.jupiter.engine.execution.InvocationInterceptorChain.proceed(InvocationInterceptorChain.java:64)
	at org.junit.jupiter.engine.execution.InvocationInterceptorChain.chainAndInvoke(InvocationInterceptorChain.java:45)
	at org.junit.jupiter.engine.execution.InvocationInterceptorChain.invoke(InvocationInterceptorChain.java:37)
	at org.junit.jupiter.engine.execution.InterceptingExecutableInvoker.invoke(InterceptingExecutableInvoker.java:92)
	at org.junit.jupiter.engine.execution.InterceptingExecutableInvoker.invoke(InterceptingExecutableInvoker.java:86)
	at org.junit.jupiter.engine.descriptor.TestMethodTestDescriptor.lambda$invokeTestMethod$7(TestMethodTestDescriptor.java:218)
	at org.junit.platform.engine.support.hierarchical.ThrowableCollector.execute(ThrowableCollector.java:73)
	at org.junit.jupiter.engine.descriptor.TestMethodTestDescriptor.invokeTestMethod(TestMethodTestDescriptor.java:214)
	at org.junit.jupiter.engine.descriptor.TestMethodTestDescriptor.execute(TestMethodTestDescriptor.java:139)
	at org.junit.jupiter.engine.descriptor.TestMethodTestDescriptor.execute(TestMethodTestDescriptor.java:69)
	at org.junit.platform.engine.support.hierarchical.NodeTestTask.lambda$executeRecursively$6(NodeTestTask.java:151)
	at org.junit.platform.engine.support.hierarchical.ThrowableCollector.execute(ThrowableCollector.java:73)
	at org.junit.platform.engine.support.hierarchical.NodeTestTask.lambda$executeRecursively$8(NodeTestTask.java:141)
	at org.junit.platform.engine.support.hierarchical.Node.around(Node.java:137)
	at org.junit.platform.engine.support.hierarchical.NodeTestTask.lambda$executeRecursively$9(NodeTestTask.java:139)
	at org.junit.platform.engine.support.hierarchical.ThrowableCollector.execute(ThrowableCollector.java:73)
	at org.junit.platform.engine.support.hierarchical.NodeTestTask.executeRecursively(NodeTestTask.java:138)
	at org.junit.platform.engine.support.hierarchical.NodeTestTask.execute(NodeTestTask.java:95)
	at java.base/java.util.ArrayList.forEach(ArrayList.java:1596)
	at org.junit.platform.engine.support.hierarchical.SameThreadHierarchicalTestExecutorService.invokeAll(SameThreadHierarchicalTestExecutorService.java:41)
	at org.junit.platform.engine.support.hierarchical.NodeTestTask.lambda$executeRecursively$6(NodeTestTask.java:155)
	at org.junit.platform.engine.support.hierarchical.ThrowableCollector.execute(ThrowableCollector.java:73)
	at org.junit.platform.engine.support.hierarchical.NodeTestTask.lambda$executeRecursively$8(NodeTestTask.java:141)
	at org.junit.platform.engine.support.hierarchical.Node.around(Node.java:137)
	at org.junit.platform.engine.support.hierarchical.NodeTestTask.lambda$executeRecursively$9(NodeTestTask.java:139)
	at org.junit.platform.engine.support.hierarchical.ThrowableCollector.execute(ThrowableCollector.java:73)
	at org.junit.platform.engine.support.hierarchical.NodeTestTask.executeRecursively(NodeTestTask.java:138)
	at org.junit.platform.engine.support.hierarchical.NodeTestTask.execute(NodeTestTask.java:95)
	at java.base/java.util.ArrayList.forEach(ArrayList.java:1596)
	at org.junit.platform.engine.support.hierarchical.SameThreadHierarchicalTestExecutorService.invokeAll(SameThreadHierarchicalTestExecutorService.java:41)
	at org.junit.platform.engine.support.hierarchical.NodeTestTask.lambda$executeRecursively$6(NodeTestTask.java:155)
	at org.junit.platform.engine.support.hierarchical.ThrowableCollector.execute(ThrowableCollector.java:73)
	at org.junit.platform.engine.support.hierarchical.NodeTestTask.lambda$executeRecursively$8(NodeTestTask.java:141)
	at org.junit.platform.engine.support.hierarchical.Node.around(Node.java:137)
	at org.junit.platform.engine.support.hierarchical.NodeTestTask.lambda$executeRecursively$9(NodeTestTask.java:139)
	at org.junit.platform.engine.support.hierarchical.ThrowableCollector.execute(ThrowableCollector.java:73)
	at org.junit.platform.engine.support.hierarchical.NodeTestTask.executeRecursively(NodeTestTask.java:138)
	at org.junit.platform.engine.support.hierarchical.NodeTestTask.execute(NodeTestTask.java:95)
	at org.junit.platform.engine.support.hierarchical.SameThreadHierarchicalTestExecutorService.submit(SameThreadHierarchicalTestExecutorService.java:35)
	at org.junit.platform.engine.support.hierarchical.HierarchicalTestExecutor.execute(HierarchicalTestExecutor.java:57)
	at org.junit.platform.engine.support.hierarchical.HierarchicalTestEngine.execute(HierarchicalTestEngine.java:54)
	at org.junit.platform.launcher.core.EngineExecutionOrchestrator.execute(EngineExecutionOrchestrator.java:198)
	at org.junit.platform.launcher.core.EngineExecutionOrchestrator.execute(EngineExecutionOrchestrator.java:169)
	at org.junit.platform.launcher.core.EngineExecutionOrchestrator.execute(EngineExecutionOrchestrator.java:93)
	at org.junit.platform.launcher.core.EngineExecutionOrchestrator.lambda$execute$0(EngineExecutionOrchestrator.java:58)
	at org.junit.platform.launcher.core.EngineExecutionOrchestrator.withInterceptedStreams(EngineExecutionOrchestrator.java:141)
	at org.junit.platform.launcher.core.EngineExecutionOrchestrator.execute(EngineExecutionOrchestrator.java:57)
	at org.junit.platform.launcher.core.DefaultLauncher.execute(DefaultLauncher.java:103)
	at org.junit.platform.launcher.core.DefaultLauncher.execute(DefaultLauncher.java:85)
	at org.junit.platform.launcher.core.DelegatingLauncher.execute(DelegatingLauncher.java:47)
	at org.apache.maven.surefire.junitplatform.LazyLauncher.execute(LazyLauncher.java:56)
	at org.apache.maven.surefire.junitplatform.JUnitPlatformProvider.execute(JUnitPlatformProvider.java:194)
	at org.apache.maven.surefire.junitplatform.JUnitPlatformProvider.invokeAllTests(JUnitPlatformProvider.java:150)
	at org.apache.maven.surefire.junitplatform.JUnitPlatformProvider.invoke(JUnitPlatformProvider.java:124)
	at org.apache.maven.surefire.booter.ForkedBooter.runSuitesInProcess(ForkedBooter.java:385)
	at org.apache.maven.surefire.booter.ForkedBooter.execute(ForkedBooter.java:162)
	at org.apache.maven.surefire.booter.ForkedBooter.run(ForkedBooter.java:507)
	at org.apache.maven.surefire.booter.ForkedBooter.main(ForkedBooter.java:495)
[main] ERROR org.apache.sling.cms.core.internal.models.AuthorizableWrapperImpl - Failed to get ID from authorizable: [FAILED toString()]
javax.jcr.RepositoryException: YAY JCR!
	at org.apache.sling.cms.core.internal.models.AuthorizableWrapperImplTest.lambda$init$0(AuthorizableWrapperImplTest.java:108)
	at org.mockito.internal.handler.MockHandlerImpl.handle(MockHandlerImpl.java:111)
	at org.mockito.internal.handler.NullResultGuardian.handle(NullResultGuardian.java:29)
	at org.mockito.internal.handler.InvocationNotifierHandler.handle(InvocationNotifierHandler.java:34)
	at org.mockito.internal.creation.bytebuddy.access.MockMethodInterceptor.doIntercept(MockMethodInterceptor.java:84)
	at org.mockito.internal.creation.bytebuddy.access.MockMethodInterceptor.doIntercept(MockMethodInterceptor.java:58)
	at org.mockito.internal.creation.bytebuddy.access.MockMethodInterceptor$DispatcherDefaultingToRealMethod.interceptAbstract(MockMethodInterceptor.java:163)
	at org.apache.jackrabbit.api.security.user.Authorizable$MockitoMock$r3HJBcyT.getID(Unknown Source)
	at org.apache.sling.cms.core.internal.models.AuthorizableWrapperImpl.getId(AuthorizableWrapperImpl.java:112)
	at org.apache.sling.cms.core.internal.models.AuthorizableWrapperImplTest.testGetId(AuthorizableWrapperImplTest.java:271)
	at java.base/jdk.internal.reflect.DirectMethodHandleAccessor.invoke(DirectMethodHandleAccessor.java:103)
	at java.base/java.lang.reflect.Method.invoke(Method.java:580)
	at org.junit.platform.commons.util.ReflectionUtils.invokeMethod(ReflectionUtils.java:728)
	at org.junit.jupiter.engine.execution.MethodInvocation.proceed(MethodInvocation.java:60)
	at org.junit.jupiter.engine.execution.InvocationInterceptorChain$ValidatingInvocation.proceed(InvocationInterceptorChain.java:131)
	at org.junit.jupiter.engine.extension.TimeoutExtension.intercept(TimeoutExtension.java:156)
	at org.junit.jupiter.engine.extension.TimeoutExtension.interceptTestableMethod(TimeoutExtension.java:147)
	at org.junit.jupiter.engine.extension.TimeoutExtension.interceptTestMethod(TimeoutExtension.java:86)
	at org.junit.jupiter.engine.execution.InterceptingExecutableInvoker$ReflectiveInterceptorCall.lambda$ofVoidMethod$0(InterceptingExecutableInvoker.java:103)
	at org.junit.jupiter.engine.execution.InterceptingExecutableInvoker.lambda$invoke$0(InterceptingExecutableInvoker.java:93)
	at org.junit.jupiter.engine.execution.InvocationInterceptorChain$InterceptedInvocation.proceed(InvocationInterceptorChain.java:106)
	at org.junit.jupiter.engine.execution.InvocationInterceptorChain.proceed(InvocationInterceptorChain.java:64)
	at org.junit.jupiter.engine.execution.InvocationInterceptorChain.chainAndInvoke(InvocationInterceptorChain.java:45)
	at org.junit.jupiter.engine.execution.InvocationInterceptorChain.invoke(InvocationInterceptorChain.java:37)
	at org.junit.jupiter.engine.execution.InterceptingExecutableInvoker.invoke(InterceptingExecutableInvoker.java:92)
	at org.junit.jupiter.engine.execution.InterceptingExecutableInvoker.invoke(InterceptingExecutableInvoker.java:86)
	at org.junit.jupiter.engine.descriptor.TestMethodTestDescriptor.lambda$invokeTestMethod$7(TestMethodTestDescriptor.java:218)
	at org.junit.platform.engine.support.hierarchical.ThrowableCollector.execute(ThrowableCollector.java:73)
	at org.junit.jupiter.engine.descriptor.TestMethodTestDescriptor.invokeTestMethod(TestMethodTestDescriptor.java:214)
	at org.junit.jupiter.engine.descriptor.TestMethodTestDescriptor.execute(TestMethodTestDescriptor.java:139)
	at org.junit.jupiter.engine.descriptor.TestMethodTestDescriptor.execute(TestMethodTestDescriptor.java:69)
	at org.junit.platform.engine.support.hierarchical.NodeTestTask.lambda$executeRecursively$6(NodeTestTask.java:151)
	at org.junit.platform.engine.support.hierarchical.ThrowableCollector.execute(ThrowableCollector.java:73)
	at org.junit.platform.engine.support.hierarchical.NodeTestTask.lambda$executeRecursively$8(NodeTestTask.java:141)
	at org.junit.platform.engine.support.hierarchical.Node.around(Node.java:137)
	at org.junit.platform.engine.support.hierarchical.NodeTestTask.lambda$executeRecursively$9(NodeTestTask.java:139)
	at org.junit.platform.engine.support.hierarchical.ThrowableCollector.execute(ThrowableCollector.java:73)
	at org.junit.platform.engine.support.hierarchical.NodeTestTask.executeRecursively(NodeTestTask.java:138)
	at org.junit.platform.engine.support.hierarchical.NodeTestTask.execute(NodeTestTask.java:95)
	at java.base/java.util.ArrayList.forEach(ArrayList.java:1596)
	at org.junit.platform.engine.support.hierarchical.SameThreadHierarchicalTestExecutorService.invokeAll(SameThreadHierarchicalTestExecutorService.java:41)
	at org.junit.platform.engine.support.hierarchical.NodeTestTask.lambda$executeRecursively$6(NodeTestTask.java:155)
	at org.junit.platform.engine.support.hierarchical.ThrowableCollector.execute(ThrowableCollector.java:73)
	at org.junit.platform.engine.support.hierarchical.NodeTestTask.lambda$executeRecursively$8(NodeTestTask.java:141)
	at org.junit.platform.engine.support.hierarchical.Node.around(Node.java:137)
	at org.junit.platform.engine.support.hierarchical.NodeTestTask.lambda$executeRecursively$9(NodeTestTask.java:139)
	at org.junit.platform.engine.support.hierarchical.ThrowableCollector.execute(ThrowableCollector.java:73)
	at org.junit.platform.engine.support.hierarchical.NodeTestTask.executeRecursively(NodeTestTask.java:138)
	at org.junit.platform.engine.support.hierarchical.NodeTestTask.execute(NodeTestTask.java:95)
	at java.base/java.util.ArrayList.forEach(ArrayList.java:1596)
	at org.junit.platform.engine.support.hierarchical.SameThreadHierarchicalTestExecutorService.invokeAll(SameThreadHierarchicalTestExecutorService.java:41)
	at org.junit.platform.engine.support.hierarchical.NodeTestTask.lambda$executeRecursively$6(NodeTestTask.java:155)
	at org.junit.platform.engine.support.hierarchical.ThrowableCollector.execute(ThrowableCollector.java:73)
	at org.junit.platform.engine.support.hierarchical.NodeTestTask.lambda$executeRecursively$8(NodeTestTask.java:141)
	at org.junit.platform.engine.support.hierarchical.Node.around(Node.java:137)
	at org.junit.platform.engine.support.hierarchical.NodeTestTask.lambda$executeRecursively$9(NodeTestTask.java:139)
	at org.junit.platform.engine.support.hierarchical.ThrowableCollector.execute(ThrowableCollector.java:73)
	at org.junit.platform.engine.support.hierarchical.NodeTestTask.executeRecursively(NodeTestTask.java:138)
	at org.junit.platform.engine.support.hierarchical.NodeTestTask.execute(NodeTestTask.java:95)
	at org.junit.platform.engine.support.hierarchical.SameThreadHierarchicalTestExecutorService.submit(SameThreadHierarchicalTestExecutorService.java:35)
	at org.junit.platform.engine.support.hierarchical.HierarchicalTestExecutor.execute(HierarchicalTestExecutor.java:57)
	at org.junit.platform.engine.support.hierarchical.HierarchicalTestEngine.execute(HierarchicalTestEngine.java:54)
	at org.junit.platform.launcher.core.EngineExecutionOrchestrator.execute(EngineExecutionOrchestrator.java:198)
	at org.junit.platform.launcher.core.EngineExecutionOrchestrator.execute(EngineExecutionOrchestrator.java:169)
	at org.junit.platform.launcher.core.EngineExecutionOrchestrator.execute(EngineExecutionOrchestrator.java:93)
	at org.junit.platform.launcher.core.EngineExecutionOrchestrator.lambda$execute$0(EngineExecutionOrchestrator.java:58)
	at org.junit.platform.launcher.core.EngineExecutionOrchestrator.withInterceptedStreams(EngineExecutionOrchestrator.java:141)
	at org.junit.platform.launcher.core.EngineExecutionOrchestrator.execute(EngineExecutionOrchestrator.java:57)
	at org.junit.platform.launcher.core.DefaultLauncher.execute(DefaultLauncher.java:103)
	at org.junit.platform.launcher.core.DefaultLauncher.execute(DefaultLauncher.java:85)
	at org.junit.platform.launcher.core.DelegatingLauncher.execute(DelegatingLauncher.java:47)
	at org.apache.maven.surefire.junitplatform.LazyLauncher.execute(LazyLauncher.java:56)
	at org.apache.maven.surefire.junitplatform.JUnitPlatformProvider.execute(JUnitPlatformProvider.java:194)
	at org.apache.maven.surefire.junitplatform.JUnitPlatformProvider.invokeAllTests(JUnitPlatformProvider.java:150)
	at org.apache.maven.surefire.junitplatform.JUnitPlatformProvider.invoke(JUnitPlatformProvider.java:124)
	at org.apache.maven.surefire.booter.ForkedBooter.runSuitesInProcess(ForkedBooter.java:385)
	at org.apache.maven.surefire.booter.ForkedBooter.execute(ForkedBooter.java:162)
	at org.apache.maven.surefire.booter.ForkedBooter.run(ForkedBooter.java:507)
	at org.apache.maven.surefire.booter.ForkedBooter.main(ForkedBooter.java:495)
[main] WARN org.apache.sling.cms.core.internal.models.AuthorizableWrapperImpl - Exception getting locale for authorizable
javax.jcr.RepositoryException: Oh No Mr.Bill!
	at org.apache.sling.cms.core.internal.models.AuthorizableWrapperImpl.getLocaleTag(AuthorizableWrapperImpl.java:125)
	at org.apache.sling.cms.core.internal.models.AuthorizableWrapperImplTest.testLocaleException(AuthorizableWrapperImplTest.java:218)
	at java.base/jdk.internal.reflect.DirectMethodHandleAccessor.invoke(DirectMethodHandleAccessor.java:103)
	at java.base/java.lang.reflect.Method.invoke(Method.java:580)
	at org.junit.platform.commons.util.ReflectionUtils.invokeMethod(ReflectionUtils.java:728)
	at org.junit.jupiter.engine.execution.MethodInvocation.proceed(MethodInvocation.java:60)
	at org.junit.jupiter.engine.execution.InvocationInterceptorChain$ValidatingInvocation.proceed(InvocationInterceptorChain.java:131)
	at org.junit.jupiter.engine.extension.TimeoutExtension.intercept(TimeoutExtension.java:156)
	at org.junit.jupiter.engine.extension.TimeoutExtension.interceptTestableMethod(TimeoutExtension.java:147)
	at org.junit.jupiter.engine.extension.TimeoutExtension.interceptTestMethod(TimeoutExtension.java:86)
	at org.junit.jupiter.engine.execution.InterceptingExecutableInvoker$ReflectiveInterceptorCall.lambda$ofVoidMethod$0(InterceptingExecutableInvoker.java:103)
	at org.junit.jupiter.engine.execution.InterceptingExecutableInvoker.lambda$invoke$0(InterceptingExecutableInvoker.java:93)
	at org.junit.jupiter.engine.execution.InvocationInterceptorChain$InterceptedInvocation.proceed(InvocationInterceptorChain.java:106)
	at org.junit.jupiter.engine.execution.InvocationInterceptorChain.proceed(InvocationInterceptorChain.java:64)
	at org.junit.jupiter.engine.execution.InvocationInterceptorChain.chainAndInvoke(InvocationInterceptorChain.java:45)
	at org.junit.jupiter.engine.execution.InvocationInterceptorChain.invoke(InvocationInterceptorChain.java:37)
	at org.junit.jupiter.engine.execution.InterceptingExecutableInvoker.invoke(InterceptingExecutableInvoker.java:92)
	at org.junit.jupiter.engine.execution.InterceptingExecutableInvoker.invoke(InterceptingExecutableInvoker.java:86)
	at org.junit.jupiter.engine.descriptor.TestMethodTestDescriptor.lambda$invokeTestMethod$7(TestMethodTestDescriptor.java:218)
	at org.junit.platform.engine.support.hierarchical.ThrowableCollector.execute(ThrowableCollector.java:73)
	at org.junit.jupiter.engine.descriptor.TestMethodTestDescriptor.invokeTestMethod(TestMethodTestDescriptor.java:214)
	at org.junit.jupiter.engine.descriptor.TestMethodTestDescriptor.execute(TestMethodTestDescriptor.java:139)
	at org.junit.jupiter.engine.descriptor.TestMethodTestDescriptor.execute(TestMethodTestDescriptor.java:69)
	at org.junit.platform.engine.support.hierarchical.NodeTestTask.lambda$executeRecursively$6(NodeTestTask.java:151)
	at org.junit.platform.engine.support.hierarchical.ThrowableCollector.execute(ThrowableCollector.java:73)
	at org.junit.platform.engine.support.hierarchical.NodeTestTask.lambda$executeRecursively$8(NodeTestTask.java:141)
	at org.junit.platform.engine.support.hierarchical.Node.around(Node.java:137)
	at org.junit.platform.engine.support.hierarchical.NodeTestTask.lambda$executeRecursively$9(NodeTestTask.java:139)
	at org.junit.platform.engine.support.hierarchical.ThrowableCollector.execute(ThrowableCollector.java:73)
	at org.junit.platform.engine.support.hierarchical.NodeTestTask.executeRecursively(NodeTestTask.java:138)
	at org.junit.platform.engine.support.hierarchical.NodeTestTask.execute(NodeTestTask.java:95)
	at java.base/java.util.ArrayList.forEach(ArrayList.java:1596)
	at org.junit.platform.engine.support.hierarchical.SameThreadHierarchicalTestExecutorService.invokeAll(SameThreadHierarchicalTestExecutorService.java:41)
	at org.junit.platform.engine.support.hierarchical.NodeTestTask.lambda$executeRecursively$6(NodeTestTask.java:155)
	at org.junit.platform.engine.support.hierarchical.ThrowableCollector.execute(ThrowableCollector.java:73)
	at org.junit.platform.engine.support.hierarchical.NodeTestTask.lambda$executeRecursively$8(NodeTestTask.java:141)
	at org.junit.platform.engine.support.hierarchical.Node.around(Node.java:137)
	at org.junit.platform.engine.support.hierarchical.NodeTestTask.lambda$executeRecursively$9(NodeTestTask.java:139)
	at org.junit.platform.engine.support.hierarchical.ThrowableCollector.execute(ThrowableCollector.java:73)
	at org.junit.platform.engine.support.hierarchical.NodeTestTask.executeRecursively(NodeTestTask.java:138)
	at org.junit.platform.engine.support.hierarchical.NodeTestTask.execute(NodeTestTask.java:95)
	at java.base/java.util.ArrayList.forEach(ArrayList.java:1596)
	at org.junit.platform.engine.support.hierarchical.SameThreadHierarchicalTestExecutorService.invokeAll(SameThreadHierarchicalTestExecutorService.java:41)
	at org.junit.platform.engine.support.hierarchical.NodeTestTask.lambda$executeRecursively$6(NodeTestTask.java:155)
	at org.junit.platform.engine.support.hierarchical.ThrowableCollector.execute(ThrowableCollector.java:73)
	at org.junit.platform.engine.support.hierarchical.NodeTestTask.lambda$executeRecursively$8(NodeTestTask.java:141)
	at org.junit.platform.engine.support.hierarchical.Node.around(Node.java:137)
	at org.junit.platform.engine.support.hierarchical.NodeTestTask.lambda$executeRecursively$9(NodeTestTask.java:139)
	at org.junit.platform.engine.support.hierarchical.ThrowableCollector.execute(ThrowableCollector.java:73)
	at org.junit.platform.engine.support.hierarchical.NodeTestTask.executeRecursively(NodeTestTask.java:138)
	at org.junit.platform.engine.support.hierarchical.NodeTestTask.execute(NodeTestTask.java:95)
	at org.junit.platform.engine.support.hierarchical.SameThreadHierarchicalTestExecutorService.submit(SameThreadHierarchicalTestExecutorService.java:35)
	at org.junit.platform.engine.support.hierarchical.HierarchicalTestExecutor.execute(HierarchicalTestExecutor.java:57)
	at org.junit.platform.engine.support.hierarchical.HierarchicalTestEngine.execute(HierarchicalTestEngine.java:54)
	at org.junit.platform.launcher.core.EngineExecutionOrchestrator.execute(EngineExecutionOrchestrator.java:198)
	at org.junit.platform.launcher.core.EngineExecutionOrchestrator.execute(EngineExecutionOrchestrator.java:169)
	at org.junit.platform.launcher.core.EngineExecutionOrchestrator.execute(EngineExecutionOrchestrator.java:93)
	at org.junit.platform.launcher.core.EngineExecutionOrchestrator.lambda$execute$0(EngineExecutionOrchestrator.java:58)
	at org.junit.platform.launcher.core.EngineExecutionOrchestrator.withInterceptedStreams(EngineExecutionOrchestrator.java:141)
	at org.junit.platform.launcher.core.EngineExecutionOrchestrator.execute(EngineExecutionOrchestrator.java:57)
	at org.junit.platform.launcher.core.DefaultLauncher.execute(DefaultLauncher.java:103)
	at org.junit.platform.launcher.core.DefaultLauncher.execute(DefaultLauncher.java:85)
	at org.junit.platform.launcher.core.DelegatingLauncher.execute(DelegatingLauncher.java:47)
	at org.apache.maven.surefire.junitplatform.LazyLauncher.execute(LazyLauncher.java:56)
	at org.apache.maven.surefire.junitplatform.JUnitPlatformProvider.execute(JUnitPlatformProvider.java:194)
	at org.apache.maven.surefire.junitplatform.JUnitPlatformProvider.invokeAllTests(JUnitPlatformProvider.java:150)
	at org.apache.maven.surefire.junitplatform.JUnitPlatformProvider.invoke(JUnitPlatformProvider.java:124)
	at org.apache.maven.surefire.booter.ForkedBooter.runSuitesInProcess(ForkedBooter.java:385)
	at org.apache.maven.surefire.booter.ForkedBooter.execute(ForkedBooter.java:162)
	at org.apache.maven.surefire.booter.ForkedBooter.run(ForkedBooter.java:507)
	at org.apache.maven.surefire.booter.ForkedBooter.main(ForkedBooter.java:495)
[main] WARN org.apache.sling.cms.core.internal.models.AuthorizableWrapperImpl - Exception getting locale for authorizable
javax.jcr.RepositoryException: Oh No Mr.Bill!
	at org.apache.sling.cms.core.internal.models.AuthorizableWrapperImpl.getLocaleTag(AuthorizableWrapperImpl.java:125)
	at org.apache.sling.cms.core.internal.models.AuthorizableWrapperImpl.getLocale(AuthorizableWrapperImpl.java:139)
	at org.apache.sling.cms.core.internal.models.AuthorizableWrapperImplTest.testLocaleException(AuthorizableWrapperImplTest.java:219)
	at java.base/jdk.internal.reflect.DirectMethodHandleAccessor.invoke(DirectMethodHandleAccessor.java:103)
	at java.base/java.lang.reflect.Method.invoke(Method.java:580)
	at org.junit.platform.commons.util.ReflectionUtils.invokeMethod(ReflectionUtils.java:728)
	at org.junit.jupiter.engine.execution.MethodInvocation.proceed(MethodInvocation.java:60)
	at org.junit.jupiter.engine.execution.InvocationInterceptorChain$ValidatingInvocation.proceed(InvocationInterceptorChain.java:131)
	at org.junit.jupiter.engine.extension.TimeoutExtension.intercept(TimeoutExtension.java:156)
	at org.junit.jupiter.engine.extension.TimeoutExtension.interceptTestableMethod(TimeoutExtension.java:147)
	at org.junit.jupiter.engine.extension.TimeoutExtension.interceptTestMethod(TimeoutExtension.java:86)
	at org.junit.jupiter.engine.execution.InterceptingExecutableInvoker$ReflectiveInterceptorCall.lambda$ofVoidMethod$0(InterceptingExecutableInvoker.java:103)
	at org.junit.jupiter.engine.execution.InterceptingExecutableInvoker.lambda$invoke$0(InterceptingExecutableInvoker.java:93)
	at org.junit.jupiter.engine.execution.InvocationInterceptorChain$InterceptedInvocation.proceed(InvocationInterceptorChain.java:106)
	at org.junit.jupiter.engine.execution.InvocationInterceptorChain.proceed(InvocationInterceptorChain.java:64)
	at org.junit.jupiter.engine.execution.InvocationInterceptorChain.chainAndInvoke(InvocationInterceptorChain.java:45)
	at org.junit.jupiter.engine.execution.InvocationInterceptorChain.invoke(InvocationInterceptorChain.java:37)
	at org.junit.jupiter.engine.execution.InterceptingExecutableInvoker.invoke(InterceptingExecutableInvoker.java:92)
	at org.junit.jupiter.engine.execution.InterceptingExecutableInvoker.invoke(InterceptingExecutableInvoker.java:86)
	at org.junit.jupiter.engine.descriptor.TestMethodTestDescriptor.lambda$invokeTestMethod$7(TestMethodTestDescriptor.java:218)
	at org.junit.platform.engine.support.hierarchical.ThrowableCollector.execute(ThrowableCollector.java:73)
	at org.junit.jupiter.engine.descriptor.TestMethodTestDescriptor.invokeTestMethod(TestMethodTestDescriptor.java:214)
	at org.junit.jupiter.engine.descriptor.TestMethodTestDescriptor.execute(TestMethodTestDescriptor.java:139)
	at org.junit.jupiter.engine.descriptor.TestMethodTestDescriptor.execute(TestMethodTestDescriptor.java:69)
	at org.junit.platform.engine.support.hierarchical.NodeTestTask.lambda$executeRecursively$6(NodeTestTask.java:151)
	at org.junit.platform.engine.support.hierarchical.ThrowableCollector.execute(ThrowableCollector.java:73)
	at org.junit.platform.engine.support.hierarchical.NodeTestTask.lambda$executeRecursively$8(NodeTestTask.java:141)
	at org.junit.platform.engine.support.hierarchical.Node.around(Node.java:137)
	at org.junit.platform.engine.support.hierarchical.NodeTestTask.lambda$executeRecursively$9(NodeTestTask.java:139)
	at org.junit.platform.engine.support.hierarchical.ThrowableCollector.execute(ThrowableCollector.java:73)
	at org.junit.platform.engine.support.hierarchical.NodeTestTask.executeRecursively(NodeTestTask.java:138)
	at org.junit.platform.engine.support.hierarchical.NodeTestTask.execute(NodeTestTask.java:95)
	at java.base/java.util.ArrayList.forEach(ArrayList.java:1596)
	at org.junit.platform.engine.support.hierarchical.SameThreadHierarchicalTestExecutorService.invokeAll(SameThreadHierarchicalTestExecutorService.java:41)
	at org.junit.platform.engine.support.hierarchical.NodeTestTask.lambda$executeRecursively$6(NodeTestTask.java:155)
	at org.junit.platform.engine.support.hierarchical.ThrowableCollector.execute(ThrowableCollector.java:73)
	at org.junit.platform.engine.support.hierarchical.NodeTestTask.lambda$executeRecursively$8(NodeTestTask.java:141)
	at org.junit.platform.engine.support.hierarchical.Node.around(Node.java:137)
	at org.junit.platform.engine.support.hierarchical.NodeTestTask.lambda$executeRecursively$9(NodeTestTask.java:139)
	at org.junit.platform.engine.support.hierarchical.ThrowableCollector.execute(ThrowableCollector.java:73)
	at org.junit.platform.engine.support.hierarchical.NodeTestTask.executeRecursively(NodeTestTask.java:138)
	at org.junit.platform.engine.support.hierarchical.NodeTestTask.execute(NodeTestTask.java:95)
	at java.base/java.util.ArrayList.forEach(ArrayList.java:1596)
	at org.junit.platform.engine.support.hierarchical.SameThreadHierarchicalTestExecutorService.invokeAll(SameThreadHierarchicalTestExecutorService.java:41)
	at org.junit.platform.engine.support.hierarchical.NodeTestTask.lambda$executeRecursively$6(NodeTestTask.java:155)
	at org.junit.platform.engine.support.hierarchical.ThrowableCollector.execute(ThrowableCollector.java:73)
	at org.junit.platform.engine.support.hierarchical.NodeTestTask.lambda$executeRecursively$8(NodeTestTask.java:141)
	at org.junit.platform.engine.support.hierarchical.Node.around(Node.java:137)
	at org.junit.platform.engine.support.hierarchical.NodeTestTask.lambda$executeRecursively$9(NodeTestTask.java:139)
	at org.junit.platform.engine.support.hierarchical.ThrowableCollector.execute(ThrowableCollector.java:73)
	at org.junit.platform.engine.support.hierarchical.NodeTestTask.executeRecursively(NodeTestTask.java:138)
	at org.junit.platform.engine.support.hierarchical.NodeTestTask.execute(NodeTestTask.java:95)
	at org.junit.platform.engine.support.hierarchical.SameThreadHierarchicalTestExecutorService.submit(SameThreadHierarchicalTestExecutorService.java:35)
	at org.junit.platform.engine.support.hierarchical.HierarchicalTestExecutor.execute(HierarchicalTestExecutor.java:57)
	at org.junit.platform.engine.support.hierarchical.HierarchicalTestEngine.execute(HierarchicalTestEngine.java:54)
	at org.junit.platform.launcher.core.EngineExecutionOrchestrator.execute(EngineExecutionOrchestrator.java:198)
	at org.junit.platform.launcher.core.EngineExecutionOrchestrator.execute(EngineExecutionOrchestrator.java:169)
	at org.junit.platform.launcher.core.EngineExecutionOrchestrator.execute(EngineExecutionOrchestrator.java:93)
	at org.junit.platform.launcher.core.EngineExecutionOrchestrator.lambda$execute$0(EngineExecutionOrchestrator.java:58)
	at org.junit.platform.launcher.core.EngineExecutionOrchestrator.withInterceptedStreams(EngineExecutionOrchestrator.java:141)
	at org.junit.platform.launcher.core.EngineExecutionOrchestrator.execute(EngineExecutionOrchestrator.java:57)
	at org.junit.platform.launcher.core.DefaultLauncher.execute(DefaultLauncher.java:103)
	at org.junit.platform.launcher.core.DefaultLauncher.execute(DefaultLauncher.java:85)
	at org.junit.platform.launcher.core.DelegatingLauncher.execute(DelegatingLauncher.java:47)
	at org.apache.maven.surefire.junitplatform.LazyLauncher.execute(LazyLauncher.java:56)
	at org.apache.maven.surefire.junitplatform.JUnitPlatformProvider.execute(JUnitPlatformProvider.java:194)
	at org.apache.maven.surefire.junitplatform.JUnitPlatformProvider.invokeAllTests(JUnitPlatformProvider.java:150)
	at org.apache.maven.surefire.junitplatform.JUnitPlatformProvider.invoke(JUnitPlatformProvider.java:124)
	at org.apache.maven.surefire.booter.ForkedBooter.runSuitesInProcess(ForkedBooter.java:385)
	at org.apache.maven.surefire.booter.ForkedBooter.execute(ForkedBooter.java:162)
	at org.apache.maven.surefire.booter.ForkedBooter.run(ForkedBooter.java:507)
	at org.apache.maven.surefire.booter.ForkedBooter.main(ForkedBooter.java:495)
SLF4J: Failed toString() invocation on an object of type [org.apache.jackrabbit.api.security.user.Authorizable$MockitoMock$r3HJBcyT]
Reported exception:
javax.jcr.RepositoryException: YAY JCR!
	at org.apache.sling.cms.core.internal.models.AuthorizableWrapperImplTest.lambda$init$0(AuthorizableWrapperImplTest.java:108)
	at org.mockito.internal.handler.MockHandlerImpl.handle(MockHandlerImpl.java:111)
	at org.mockito.internal.handler.NullResultGuardian.handle(NullResultGuardian.java:29)
	at org.mockito.internal.handler.InvocationNotifierHandler.handle(InvocationNotifierHandler.java:34)
	at org.mockito.internal.creation.bytebuddy.access.MockMethodInterceptor.doIntercept(MockMethodInterceptor.java:84)
	at org.mockito.internal.creation.bytebuddy.access.MockMethodInterceptor.doIntercept(MockMethodInterceptor.java:58)
	at org.mockito.internal.creation.bytebuddy.access.MockMethodInterceptor$DispatcherDefaultingToRealMethod.interceptSuperCallable(MockMethodInterceptor.java:147)
	at org.apache.jackrabbit.api.security.user.Authorizable$MockitoMock$r3HJBcyT.toString(Unknown Source)
	at org.slf4j.helpers.MessageFormatter.safeObjectAppend(MessageFormatter.java:277)
	at org.slf4j.helpers.MessageFormatter.deeplyAppendParameter(MessageFormatter.java:249)
	at org.slf4j.helpers.MessageFormatter.arrayFormat(MessageFormatter.java:211)
	at org.slf4j.helpers.MessageFormatter.arrayFormat(MessageFormatter.java:161)
	at org.slf4j.helpers.MessageFormatter.format(MessageFormatter.java:151)
	at org.slf4j.impl.SimpleLogger.formatAndLog(SimpleLogger.java:378)
	at org.slf4j.impl.SimpleLogger.error(SimpleLogger.java:604)
	at org.apache.sling.cms.core.internal.models.AuthorizableWrapperImpl.getDeclaredMembers(AuthorizableWrapperImpl.java:79)
	at org.apache.sling.cms.core.internal.models.AuthorizableWrapperImplTest.testGetDeclaredMembers(AuthorizableWrapperImplTest.java:185)
	at java.base/jdk.internal.reflect.DirectMethodHandleAccessor.invoke(DirectMethodHandleAccessor.java:103)
	at java.base/java.lang.reflect.Method.invoke(Method.java:580)
	at org.junit.platform.commons.util.ReflectionUtils.invokeMethod(ReflectionUtils.java:728)
	at org.junit.jupiter.engine.execution.MethodInvocation.proceed(MethodInvocation.java:60)
	at org.junit.jupiter.engine.execution.InvocationInterceptorChain$ValidatingInvocation.proceed(InvocationInterceptorChain.java:131)
	at org.junit.jupiter.engine.extension.TimeoutExtension.intercept(TimeoutExtension.java:156)
	at org.junit.jupiter.engine.extension.TimeoutExtension.interceptTestableMethod(TimeoutExtension.java:147)
	at org.junit.jupiter.engine.extension.TimeoutExtension.interceptTestMethod(TimeoutExtension.java:86)
	at org.junit.jupiter.engine.execution.InterceptingExecutableInvoker$ReflectiveInterceptorCall.lambda$ofVoidMethod$0(InterceptingExecutableInvoker.java:103)
	at org.junit.jupiter.engine.execution.InterceptingExecutableInvoker.lambda$invoke$0(InterceptingExecutableInvoker.java:93)
	at org.junit.jupiter.engine.execution.InvocationInterceptorChain$InterceptedInvocation.proceed(InvocationInterceptorChain.java:106)
	at org.junit.jupiter.engine.execution.InvocationInterceptorChain.proceed(InvocationInterceptorChain.java:64)
	at org.junit.jupiter.engine.execution.InvocationInterceptorChain.chainAndInvoke(InvocationInterceptorChain.java:45)
	at org.junit.jupiter.engine.execution.InvocationInterceptorChain.invoke(InvocationInterceptorChain.java:37)
	at org.junit.jupiter.engine.execution.InterceptingExecutableInvoker.invoke(InterceptingExecutableInvoker.java:92)
	at org.junit.jupiter.engine.execution.InterceptingExecutableInvoker.invoke(InterceptingExecutableInvoker.java:86)
	at org.junit.jupiter.engine.descriptor.TestMethodTestDescriptor.lambda$invokeTestMethod$7(TestMethodTestDescriptor.java:218)
	at org.junit.platform.engine.support.hierarchical.ThrowableCollector.execute(ThrowableCollector.java:73)
	at org.junit.jupiter.engine.descriptor.TestMethodTestDescriptor.invokeTestMethod(TestMethodTestDescriptor.java:214)
	at org.junit.jupiter.engine.descriptor.TestMethodTestDescriptor.execute(TestMethodTestDescriptor.java:139)
	at org.junit.jupiter.engine.descriptor.TestMethodTestDescriptor.execute(TestMethodTestDescriptor.java:69)
	at org.junit.platform.engine.support.hierarchical.NodeTestTask.lambda$executeRecursively$6(NodeTestTask.java:151)
	at org.junit.platform.engine.support.hierarchical.ThrowableCollector.execute(ThrowableCollector.java:73)
	at org.junit.platform.engine.support.hierarchical.NodeTestTask.lambda$executeRecursively$8(NodeTestTask.java:141)
	at org.junit.platform.engine.support.hierarchical.Node.around(Node.java:137)
	at org.junit.platform.engine.support.hierarchical.NodeTestTask.lambda$executeRecursively$9(NodeTestTask.java:139)
	at org.junit.platform.engine.support.hierarchical.ThrowableCollector.execute(ThrowableCollector.java:73)
	at org.junit.platform.engine.support.hierarchical.NodeTestTask.executeRecursively(NodeTestTask.java:138)
	at org.junit.platform.engine.support.hierarchical.NodeTestTask.execute(NodeTestTask.java:95)
	at java.base/java.util.ArrayList.forEach(ArrayList.java:1596)
	at org.junit.platform.engine.support.hierarchical.SameThreadHierarchicalTestExecutorService.invokeAll(SameThreadHierarchicalTestExecutorService.java:41)
	at org.junit.platform.engine.support.hierarchical.NodeTestTask.lambda$executeRecursively$6(NodeTestTask.java:155)
	at org.junit.platform.engine.support.hierarchical.ThrowableCollector.execute(ThrowableCollector.java:73)
	at org.junit.platform.engine.support.hierarchical.NodeTestTask.lambda$executeRecursively$8(NodeTestTask.java:141)
	at org.junit.platform.engine.support.hierarchical.Node.around(Node.java:137)
	at org.junit.platform.engine.support.hierarchical.NodeTestTask.lambda$executeRecursively$9(NodeTestTask.java:139)
	at org.junit.platform.engine.support.hierarchical.ThrowableCollector.execute(ThrowableCollector.java:73)
	at org.junit.platform.engine.support.hierarchical.NodeTestTask.executeRecursively(NodeTestTask.java:138)
	at org.junit.platform.engine.support.hierarchical.NodeTestTask.execute(NodeTestTask.java:95)
	at java.base/java.util.ArrayList.forEach(ArrayList.java:1596)
	at org.junit.platform.engine.support.hierarchical.SameThreadHierarchicalTestExecutorService.invokeAll(SameThreadHierarchicalTestExecutorService.java:41)
	at org.junit.platform.engine.support.hierarchical.NodeTestTask.lambda$executeRecursively$6(NodeTestTask.java:155)
	at org.junit.platform.engine.support.hierarchical.ThrowableCollector.execute(ThrowableCollector.java:73)
	at org.junit.platform.engine.support.hierarchical.NodeTestTask.lambda$executeRecursively$8(NodeTestTask.java:141)
	at org.junit.platform.engine.support.hierarchical.Node.around(Node.java:137)
	at org.junit.platform.engine.support.hierarchical.NodeTestTask.lambda$executeRecursively$9(NodeTestTask.java:139)
	at org.junit.platform.engine.support.hierarchical.ThrowableCollector.execute(ThrowableCollector.java:73)
	at org.junit.platform.engine.support.hierarchical.NodeTestTask.executeRecursively(NodeTestTask.java:138)
	at org.junit.platform.engine.support.hierarchical.NodeTestTask.execute(NodeTestTask.java:95)
	at org.junit.platform.engine.support.hierarchical.SameThreadHierarchicalTestExecutorService.submit(SameThreadHierarchicalTestExecutorService.java:35)
	at org.junit.platform.engine.support.hierarchical.HierarchicalTestExecutor.execute(HierarchicalTestExecutor.java:57)
	at org.junit.platform.engine.support.hierarchical.HierarchicalTestEngine.execute(HierarchicalTestEngine.java:54)
	at org.junit.platform.launcher.core.EngineExecutionOrchestrator.execute(EngineExecutionOrchestrator.java:198)
	at org.junit.platform.launcher.core.EngineExecutionOrchestrator.execute(EngineExecutionOrchestrator.java:169)
	at org.junit.platform.launcher.core.EngineExecutionOrchestrator.execute(EngineExecutionOrchestrator.java:93)
	at org.junit.platform.launcher.core.EngineExecutionOrchestrator.lambda$execute$0(EngineExecutionOrchestrator.java:58)
	at org.junit.platform.launcher.core.EngineExecutionOrchestrator.withInterceptedStreams(EngineExecutionOrchestrator.java:141)
	at org.junit.platform.launcher.core.EngineExecutionOrchestrator.execute(EngineExecutionOrchestrator.java:57)
	at org.junit.platform.launcher.core.DefaultLauncher.execute(DefaultLauncher.java:103)
	at org.junit.platform.launcher.core.DefaultLauncher.execute(DefaultLauncher.java:85)
	at org.junit.platform.launcher.core.DelegatingLauncher.execute(DelegatingLauncher.java:47)
	at org.apache.maven.surefire.junitplatform.LazyLauncher.execute(LazyLauncher.java:56)
	at org.apache.maven.surefire.junitplatform.JUnitPlatformProvider.execute(JUnitPlatformProvider.java:194)
	at org.apache.maven.surefire.junitplatform.JUnitPlatformProvider.invokeAllTests(JUnitPlatformProvider.java:150)
	at org.apache.maven.surefire.junitplatform.JUnitPlatformProvider.invoke(JUnitPlatformProvider.java:124)
	at org.apache.maven.surefire.booter.ForkedBooter.runSuitesInProcess(ForkedBooter.java:385)
	at org.apache.maven.surefire.booter.ForkedBooter.execute(ForkedBooter.java:162)
	at org.apache.maven.surefire.booter.ForkedBooter.run(ForkedBooter.java:507)
	at org.apache.maven.surefire.booter.ForkedBooter.main(ForkedBooter.java:495)
[main] ERROR org.apache.sling.cms.core.internal.models.AuthorizableWrapperImpl - Failed to get declared members of authorizable: [FAILED toString()]
javax.jcr.RepositoryException: YAY JCR!
	at org.apache.sling.cms.core.internal.models.AuthorizableWrapperImplTest.lambda$init$0(AuthorizableWrapperImplTest.java:108)
	at org.mockito.internal.handler.MockHandlerImpl.handle(MockHandlerImpl.java:111)
	at org.mockito.internal.handler.NullResultGuardian.handle(NullResultGuardian.java:29)
	at org.mockito.internal.handler.InvocationNotifierHandler.handle(InvocationNotifierHandler.java:34)
	at org.mockito.internal.creation.bytebuddy.access.MockMethodInterceptor.doIntercept(MockMethodInterceptor.java:84)
	at org.mockito.internal.creation.bytebuddy.access.MockMethodInterceptor.doIntercept(MockMethodInterceptor.java:58)
	at org.mockito.internal.creation.bytebuddy.access.MockMethodInterceptor$DispatcherDefaultingToRealMethod.interceptAbstract(MockMethodInterceptor.java:163)
	at org.apache.jackrabbit.api.security.user.Authorizable$MockitoMock$r3HJBcyT.isGroup(Unknown Source)
	at org.apache.sling.cms.core.internal.models.AuthorizableWrapperImpl.getDeclaredMembers(AuthorizableWrapperImpl.java:72)
	at org.apache.sling.cms.core.internal.models.AuthorizableWrapperImplTest.testGetDeclaredMembers(AuthorizableWrapperImplTest.java:185)
	at java.base/jdk.internal.reflect.DirectMethodHandleAccessor.invoke(DirectMethodHandleAccessor.java:103)
	at java.base/java.lang.reflect.Method.invoke(Method.java:580)
	at org.junit.platform.commons.util.ReflectionUtils.invokeMethod(ReflectionUtils.java:728)
	at org.junit.jupiter.engine.execution.MethodInvocation.proceed(MethodInvocation.java:60)
	at org.junit.jupiter.engine.execution.InvocationInterceptorChain$ValidatingInvocation.proceed(InvocationInterceptorChain.java:131)
	at org.junit.jupiter.engine.extension.TimeoutExtension.intercept(TimeoutExtension.java:156)
	at org.junit.jupiter.engine.extension.TimeoutExtension.interceptTestableMethod(TimeoutExtension.java:147)
	at org.junit.jupiter.engine.extension.TimeoutExtension.interceptTestMethod(TimeoutExtension.java:86)
	at org.junit.jupiter.engine.execution.InterceptingExecutableInvoker$ReflectiveInterceptorCall.lambda$ofVoidMethod$0(InterceptingExecutableInvoker.java:103)
	at org.junit.jupiter.engine.execution.InterceptingExecutableInvoker.lambda$invoke$0(InterceptingExecutableInvoker.java:93)
	at org.junit.jupiter.engine.execution.InvocationInterceptorChain$InterceptedInvocation.proceed(InvocationInterceptorChain.java:106)
	at org.junit.jupiter.engine.execution.InvocationInterceptorChain.proceed(InvocationInterceptorChain.java:64)
	at org.junit.jupiter.engine.execution.InvocationInterceptorChain.chainAndInvoke(InvocationInterceptorChain.java:45)
	at org.junit.jupiter.engine.execution.InvocationInterceptorChain.invoke(InvocationInterceptorChain.java:37)
	at org.junit.jupiter.engine.execution.InterceptingExecutableInvoker.invoke(InterceptingExecutableInvoker.java:92)
	at org.junit.jupiter.engine.execution.InterceptingExecutableInvoker.invoke(InterceptingExecutableInvoker.java:86)
	at org.junit.jupiter.engine.descriptor.TestMethodTestDescriptor.lambda$invokeTestMethod$7(TestMethodTestDescriptor.java:218)
	at org.junit.platform.engine.support.hierarchical.ThrowableCollector.execute(ThrowableCollector.java:73)
	at org.junit.jupiter.engine.descriptor.TestMethodTestDescriptor.invokeTestMethod(TestMethodTestDescriptor.java:214)
	at org.junit.jupiter.engine.descriptor.TestMethodTestDescriptor.execute(TestMethodTestDescriptor.java:139)
	at org.junit.jupiter.engine.descriptor.TestMethodTestDescriptor.execute(TestMethodTestDescriptor.java:69)
	at org.junit.platform.engine.support.hierarchical.NodeTestTask.lambda$executeRecursively$6(NodeTestTask.java:151)
	at org.junit.platform.engine.support.hierarchical.ThrowableCollector.execute(ThrowableCollector.java:73)
	at org.junit.platform.engine.support.hierarchical.NodeTestTask.lambda$executeRecursively$8(NodeTestTask.java:141)
	at org.junit.platform.engine.support.hierarchical.Node.around(Node.java:137)
	at org.junit.platform.engine.support.hierarchical.NodeTestTask.lambda$executeRecursively$9(NodeTestTask.java:139)
	at org.junit.platform.engine.support.hierarchical.ThrowableCollector.execute(ThrowableCollector.java:73)
	at org.junit.platform.engine.support.hierarchical.NodeTestTask.executeRecursively(NodeTestTask.java:138)
	at org.junit.platform.engine.support.hierarchical.NodeTestTask.execute(NodeTestTask.java:95)
	at java.base/java.util.ArrayList.forEach(ArrayList.java:1596)
	at org.junit.platform.engine.support.hierarchical.SameThreadHierarchicalTestExecutorService.invokeAll(SameThreadHierarchicalTestExecutorService.java:41)
	at org.junit.platform.engine.support.hierarchical.NodeTestTask.lambda$executeRecursively$6(NodeTestTask.java:155)
	at org.junit.platform.engine.support.hierarchical.ThrowableCollector.execute(ThrowableCollector.java:73)
	at org.junit.platform.engine.support.hierarchical.NodeTestTask.lambda$executeRecursively$8(NodeTestTask.java:141)
	at org.junit.platform.engine.support.hierarchical.Node.around(Node.java:137)
	at org.junit.platform.engine.support.hierarchical.NodeTestTask.lambda$executeRecursively$9(NodeTestTask.java:139)
	at org.junit.platform.engine.support.hierarchical.ThrowableCollector.execute(ThrowableCollector.java:73)
	at org.junit.platform.engine.support.hierarchical.NodeTestTask.executeRecursively(NodeTestTask.java:138)
	at org.junit.platform.engine.support.hierarchical.NodeTestTask.execute(NodeTestTask.java:95)
	at java.base/java.util.ArrayList.forEach(ArrayList.java:1596)
	at org.junit.platform.engine.support.hierarchical.SameThreadHierarchicalTestExecutorService.invokeAll(SameThreadHierarchicalTestExecutorService.java:41)
	at org.junit.platform.engine.support.hierarchical.NodeTestTask.lambda$executeRecursively$6(NodeTestTask.java:155)
	at org.junit.platform.engine.support.hierarchical.ThrowableCollector.execute(ThrowableCollector.java:73)
	at org.junit.platform.engine.support.hierarchical.NodeTestTask.lambda$executeRecursively$8(NodeTestTask.java:141)
	at org.junit.platform.engine.support.hierarchical.Node.around(Node.java:137)
	at org.junit.platform.engine.support.hierarchical.NodeTestTask.lambda$executeRecursively$9(NodeTestTask.java:139)
	at org.junit.platform.engine.support.hierarchical.ThrowableCollector.execute(ThrowableCollector.java:73)
	at org.junit.platform.engine.support.hierarchical.NodeTestTask.executeRecursively(NodeTestTask.java:138)
	at org.junit.platform.engine.support.hierarchical.NodeTestTask.execute(NodeTestTask.java:95)
	at org.junit.platform.engine.support.hierarchical.SameThreadHierarchicalTestExecutorService.submit(SameThreadHierarchicalTestExecutorService.java:35)
	at org.junit.platform.engine.support.hierarchical.HierarchicalTestExecutor.execute(HierarchicalTestExecutor.java:57)
	at org.junit.platform.engine.support.hierarchical.HierarchicalTestEngine.execute(HierarchicalTestEngine.java:54)
	at org.junit.platform.launcher.core.EngineExecutionOrchestrator.execute(EngineExecutionOrchestrator.java:198)
	at org.junit.platform.launcher.core.EngineExecutionOrchestrator.execute(EngineExecutionOrchestrator.java:169)
	at org.junit.platform.launcher.core.EngineExecutionOrchestrator.execute(EngineExecutionOrchestrator.java:93)
	at org.junit.platform.launcher.core.EngineExecutionOrchestrator.lambda$execute$0(EngineExecutionOrchestrator.java:58)
	at org.junit.platform.launcher.core.EngineExecutionOrchestrator.withInterceptedStreams(EngineExecutionOrchestrator.java:141)
	at org.junit.platform.launcher.core.EngineExecutionOrchestrator.execute(EngineExecutionOrchestrator.java:57)
	at org.junit.platform.launcher.core.DefaultLauncher.execute(DefaultLauncher.java:103)
	at org.junit.platform.launcher.core.DefaultLauncher.execute(DefaultLauncher.java:85)
	at org.junit.platform.launcher.core.DelegatingLauncher.execute(DelegatingLauncher.java:47)
	at org.apache.maven.surefire.junitplatform.LazyLauncher.execute(LazyLauncher.java:56)
	at org.apache.maven.surefire.junitplatform.JUnitPlatformProvider.execute(JUnitPlatformProvider.java:194)
	at org.apache.maven.surefire.junitplatform.JUnitPlatformProvider.invokeAllTests(JUnitPlatformProvider.java:150)
	at org.apache.maven.surefire.junitplatform.JUnitPlatformProvider.invoke(JUnitPlatformProvider.java:124)
	at org.apache.maven.surefire.booter.ForkedBooter.runSuitesInProcess(ForkedBooter.java:385)
	at org.apache.maven.surefire.booter.ForkedBooter.execute(ForkedBooter.java:162)
	at org.apache.maven.surefire.booter.ForkedBooter.run(ForkedBooter.java:507)
	at org.apache.maven.surefire.booter.ForkedBooter.main(ForkedBooter.java:495)
SLF4J: Failed toString() invocation on an object of type [org.apache.jackrabbit.api.security.user.Authorizable$MockitoMock$r3HJBcyT]
Reported exception:
javax.jcr.RepositoryException: YAY JCR!
	at org.apache.sling.cms.core.internal.models.AuthorizableWrapperImplTest.lambda$init$0(AuthorizableWrapperImplTest.java:108)
	at org.mockito.internal.handler.MockHandlerImpl.handle(MockHandlerImpl.java:111)
	at org.mockito.internal.handler.NullResultGuardian.handle(NullResultGuardian.java:29)
	at org.mockito.internal.handler.InvocationNotifierHandler.handle(InvocationNotifierHandler.java:34)
	at org.mockito.internal.creation.bytebuddy.access.MockMethodInterceptor.doIntercept(MockMethodInterceptor.java:84)
	at org.mockito.internal.creation.bytebuddy.access.MockMethodInterceptor.doIntercept(MockMethodInterceptor.java:58)
	at org.mockito.internal.creation.bytebuddy.access.MockMethodInterceptor$DispatcherDefaultingToRealMethod.interceptSuperCallable(MockMethodInterceptor.java:147)
	at org.apache.jackrabbit.api.security.user.Authorizable$MockitoMock$r3HJBcyT.toString(Unknown Source)
	at org.slf4j.helpers.MessageFormatter.safeObjectAppend(MessageFormatter.java:277)
	at org.slf4j.helpers.MessageFormatter.deeplyAppendParameter(MessageFormatter.java:249)
	at org.slf4j.helpers.MessageFormatter.arrayFormat(MessageFormatter.java:211)
	at org.slf4j.helpers.MessageFormatter.arrayFormat(MessageFormatter.java:161)
	at org.slf4j.helpers.MessageFormatter.format(MessageFormatter.java:151)
	at org.slf4j.impl.SimpleLogger.formatAndLog(SimpleLogger.java:378)
	at org.slf4j.impl.SimpleLogger.error(SimpleLogger.java:604)
	at org.apache.sling.cms.core.internal.models.AuthorizableWrapperImpl.getMembership(AuthorizableWrapperImpl.java:162)
	at java.base/java.lang.Iterable.spliterator(Iterable.java:101)
	at org.apache.sling.cms.core.internal.models.AuthorizableWrapperImpl.isMember(AuthorizableWrapperImpl.java:180)
	at org.apache.sling.cms.core.internal.models.AuthorizableWrapperImplTest.testIsMember(AuthorizableWrapperImplTest.java:295)
	at java.base/jdk.internal.reflect.DirectMethodHandleAccessor.invoke(DirectMethodHandleAccessor.java:103)
	at java.base/java.lang.reflect.Method.invoke(Method.java:580)
	at org.junit.platform.commons.util.ReflectionUtils.invokeMethod(ReflectionUtils.java:728)
	at org.junit.jupiter.engine.execution.MethodInvocation.proceed(MethodInvocation.java:60)
	at org.junit.jupiter.engine.execution.InvocationInterceptorChain$ValidatingInvocation.proceed(InvocationInterceptorChain.java:131)
	at org.junit.jupiter.engine.extension.TimeoutExtension.intercept(TimeoutExtension.java:156)
	at org.junit.jupiter.engine.extension.TimeoutExtension.interceptTestableMethod(TimeoutExtension.java:147)
	at org.junit.jupiter.engine.extension.TimeoutExtension.interceptTestMethod(TimeoutExtension.java:86)
	at org.junit.jupiter.engine.execution.InterceptingExecutableInvoker$ReflectiveInterceptorCall.lambda$ofVoidMethod$0(InterceptingExecutableInvoker.java:103)
	at org.junit.jupiter.engine.execution.InterceptingExecutableInvoker.lambda$invoke$0(InterceptingExecutableInvoker.java:93)
	at org.junit.jupiter.engine.execution.InvocationInterceptorChain$InterceptedInvocation.proceed(InvocationInterceptorChain.java:106)
	at org.junit.jupiter.engine.execution.InvocationInterceptorChain.proceed(InvocationInterceptorChain.java:64)
	at org.junit.jupiter.engine.execution.InvocationInterceptorChain.chainAndInvoke(InvocationInterceptorChain.java:45)
	at org.junit.jupiter.engine.execution.InvocationInterceptorChain.invoke(InvocationInterceptorChain.java:37)
	at org.junit.jupiter.engine.execution.InterceptingExecutableInvoker.invoke(InterceptingExecutableInvoker.java:92)
	at org.junit.jupiter.engine.execution.InterceptingExecutableInvoker.invoke(InterceptingExecutableInvoker.java:86)
	at org.junit.jupiter.engine.descriptor.TestMethodTestDescriptor.lambda$invokeTestMethod$7(TestMethodTestDescriptor.java:218)
	at org.junit.platform.engine.support.hierarchical.ThrowableCollector.execute(ThrowableCollector.java:73)
	at org.junit.jupiter.engine.descriptor.TestMethodTestDescriptor.invokeTestMethod(TestMethodTestDescriptor.java:214)
	at org.junit.jupiter.engine.descriptor.TestMethodTestDescriptor.execute(TestMethodTestDescriptor.java:139)
	at org.junit.jupiter.engine.descriptor.TestMethodTestDescriptor.execute(TestMethodTestDescriptor.java:69)
	at org.junit.platform.engine.support.hierarchical.NodeTestTask.lambda$executeRecursively$6(NodeTestTask.java:151)
	at org.junit.platform.engine.support.hierarchical.ThrowableCollector.execute(ThrowableCollector.java:73)
	at org.junit.platform.engine.support.hierarchical.NodeTestTask.lambda$executeRecursively$8(NodeTestTask.java:141)
	at org.junit.platform.engine.support.hierarchical.Node.around(Node.java:137)
	at org.junit.platform.engine.support.hierarchical.NodeTestTask.lambda$executeRecursively$9(NodeTestTask.java:139)
	at org.junit.platform.engine.support.hierarchical.ThrowableCollector.execute(ThrowableCollector.java:73)
	at org.junit.platform.engine.support.hierarchical.NodeTestTask.executeRecursively(NodeTestTask.java:138)
	at org.junit.platform.engine.support.hierarchical.NodeTestTask.execute(NodeTestTask.java:95)
	at java.base/java.util.ArrayList.forEach(ArrayList.java:1596)
	at org.junit.platform.engine.support.hierarchical.SameThreadHierarchicalTestExecutorService.invokeAll(SameThreadHierarchicalTestExecutorService.java:41)
	at org.junit.platform.engine.support.hierarchical.NodeTestTask.lambda$executeRecursively$6(NodeTestTask.java:155)
	at org.junit.platform.engine.support.hierarchical.ThrowableCollector.execute(ThrowableCollector.java:73)
	at org.junit.platform.engine.support.hierarchical.NodeTestTask.lambda$executeRecursively$8(NodeTestTask.java:141)
	at org.junit.platform.engine.support.hierarchical.Node.around(Node.java:137)
	at org.junit.platform.engine.support.hierarchical.NodeTestTask.lambda$executeRecursively$9(NodeTestTask.java:139)
	at org.junit.platform.engine.support.hierarchical.ThrowableCollector.execute(ThrowableCollector.java:73)
	at org.junit.platform.engine.support.hierarchical.NodeTestTask.executeRecursively(NodeTestTask.java:138)
	at org.junit.platform.engine.support.hierarchical.NodeTestTask.execute(NodeTestTask.java:95)
	at java.base/java.util.ArrayList.forEach(ArrayList.java:1596)
	at org.junit.platform.engine.support.hierarchical.SameThreadHierarchicalTestExecutorService.invokeAll(SameThreadHierarchicalTestExecutorService.java:41)
	at org.junit.platform.engine.support.hierarchical.NodeTestTask.lambda$executeRecursively$6(NodeTestTask.java:155)
	at org.junit.platform.engine.support.hierarchical.ThrowableCollector.execute(ThrowableCollector.java:73)
	at org.junit.platform.engine.support.hierarchical.NodeTestTask.lambda$executeRecursively$8(NodeTestTask.java:141)
	at org.junit.platform.engine.support.hierarchical.Node.around(Node.java:137)
	at org.junit.platform.engine.support.hierarchical.NodeTestTask.lambda$executeRecursively$9(NodeTestTask.java:139)
	at org.junit.platform.engine.support.hierarchical.ThrowableCollector.execute(ThrowableCollector.java:73)
	at org.junit.platform.engine.support.hierarchical.NodeTestTask.executeRecursively(NodeTestTask.java:138)
	at org.junit.platform.engine.support.hierarchical.NodeTestTask.execute(NodeTestTask.java:95)
	at org.junit.platform.engine.support.hierarchical.SameThreadHierarchicalTestExecutorService.submit(SameThreadHierarchicalTestExecutorService.java:35)
	at org.junit.platform.engine.support.hierarchical.HierarchicalTestExecutor.execute(HierarchicalTestExecutor.java:57)
	at org.junit.platform.engine.support.hierarchical.HierarchicalTestEngine.execute(HierarchicalTestEngine.java:54)
	at org.junit.platform.launcher.core.EngineExecutionOrchestrator.execute(EngineExecutionOrchestrator.java:198)
	at org.junit.platform.launcher.core.EngineExecutionOrchestrator.execute(EngineExecutionOrchestrator.java:169)
	at org.junit.platform.launcher.core.EngineExecutionOrchestrator.execute(EngineExecutionOrchestrator.java:93)
	at org.junit.platform.launcher.core.EngineExecutionOrchestrator.lambda$execute$0(EngineExecutionOrchestrator.java:58)
	at org.junit.platform.launcher.core.EngineExecutionOrchestrator.withInterceptedStreams(EngineExecutionOrchestrator.java:141)
	at org.junit.platform.launcher.core.EngineExecutionOrchestrator.execute(EngineExecutionOrchestrator.java:57)
	at org.junit.platform.launcher.core.DefaultLauncher.execute(DefaultLauncher.java:103)
	at org.junit.platform.launcher.core.DefaultLauncher.execute(DefaultLauncher.java:85)
	at org.junit.platform.launcher.core.DelegatingLauncher.execute(DelegatingLauncher.java:47)
	at org.apache.maven.surefire.junitplatform.LazyLauncher.execute(LazyLauncher.java:56)
	at org.apache.maven.surefire.junitplatform.JUnitPlatformProvider.execute(JUnitPlatformProvider.java:194)
	at org.apache.maven.surefire.junitplatform.JUnitPlatformProvider.invokeAllTests(JUnitPlatformProvider.java:150)
	at org.apache.maven.surefire.junitplatform.JUnitPlatformProvider.invoke(JUnitPlatformProvider.java:124)
	at org.apache.maven.surefire.booter.ForkedBooter.runSuitesInProcess(ForkedBooter.java:385)
	at org.apache.maven.surefire.booter.ForkedBooter.execute(ForkedBooter.java:162)
	at org.apache.maven.surefire.booter.ForkedBooter.run(ForkedBooter.java:507)
	at org.apache.maven.surefire.booter.ForkedBooter.main(ForkedBooter.java:495)
[main] ERROR org.apache.sling.cms.core.internal.models.AuthorizableWrapperImpl - Failed to get membership of authorizable: [FAILED toString()]
javax.jcr.RepositoryException: YAY JCR!
	at org.apache.sling.cms.core.internal.models.AuthorizableWrapperImplTest.lambda$init$0(AuthorizableWrapperImplTest.java:108)
	at org.mockito.internal.handler.MockHandlerImpl.handle(MockHandlerImpl.java:111)
	at org.mockito.internal.handler.NullResultGuardian.handle(NullResultGuardian.java:29)
	at org.mockito.internal.handler.InvocationNotifierHandler.handle(InvocationNotifierHandler.java:34)
	at org.mockito.internal.creation.bytebuddy.access.MockMethodInterceptor.doIntercept(MockMethodInterceptor.java:84)
	at org.mockito.internal.creation.bytebuddy.access.MockMethodInterceptor.doIntercept(MockMethodInterceptor.java:58)
	at org.mockito.internal.creation.bytebuddy.access.MockMethodInterceptor$DispatcherDefaultingToRealMethod.interceptAbstract(MockMethodInterceptor.java:163)
	at org.apache.jackrabbit.api.security.user.Authorizable$MockitoMock$r3HJBcyT.memberOf(Unknown Source)
	at org.apache.sling.cms.core.internal.models.AuthorizableWrapperImpl.getMembership(AuthorizableWrapperImpl.java:160)
	at java.base/java.lang.Iterable.spliterator(Iterable.java:101)
	at org.apache.sling.cms.core.internal.models.AuthorizableWrapperImpl.isMember(AuthorizableWrapperImpl.java:180)
	at org.apache.sling.cms.core.internal.models.AuthorizableWrapperImplTest.testIsMember(AuthorizableWrapperImplTest.java:295)
	at java.base/jdk.internal.reflect.DirectMethodHandleAccessor.invoke(DirectMethodHandleAccessor.java:103)
	at java.base/java.lang.reflect.Method.invoke(Method.java:580)
	at org.junit.platform.commons.util.ReflectionUtils.invokeMethod(ReflectionUtils.java:728)
	at org.junit.jupiter.engine.execution.MethodInvocation.proceed(MethodInvocation.java:60)
	at org.junit.jupiter.engine.execution.InvocationInterceptorChain$ValidatingInvocation.proceed(InvocationInterceptorChain.java:131)
	at org.junit.jupiter.engine.extension.TimeoutExtension.intercept(TimeoutExtension.java:156)
	at org.junit.jupiter.engine.extension.TimeoutExtension.interceptTestableMethod(TimeoutExtension.java:147)
	at org.junit.jupiter.engine.extension.TimeoutExtension.interceptTestMethod(TimeoutExtension.java:86)
	at org.junit.jupiter.engine.execution.InterceptingExecutableInvoker$ReflectiveInterceptorCall.lambda$ofVoidMethod$0(InterceptingExecutableInvoker.java:103)
	at org.junit.jupiter.engine.execution.InterceptingExecutableInvoker.lambda$invoke$0(InterceptingExecutableInvoker.java:93)
	at org.junit.jupiter.engine.execution.InvocationInterceptorChain$InterceptedInvocation.proceed(InvocationInterceptorChain.java:106)
	at org.junit.jupiter.engine.execution.InvocationInterceptorChain.proceed(InvocationInterceptorChain.java:64)
	at org.junit.jupiter.engine.execution.InvocationInterceptorChain.chainAndInvoke(InvocationInterceptorChain.java:45)
	at org.junit.jupiter.engine.execution.InvocationInterceptorChain.invoke(InvocationInterceptorChain.java:37)
	at org.junit.jupiter.engine.execution.InterceptingExecutableInvoker.invoke(InterceptingExecutableInvoker.java:92)
	at org.junit.jupiter.engine.execution.InterceptingExecutableInvoker.invoke(InterceptingExecutableInvoker.java:86)
	at org.junit.jupiter.engine.descriptor.TestMethodTestDescriptor.lambda$invokeTestMethod$7(TestMethodTestDescriptor.java:218)
	at org.junit.platform.engine.support.hierarchical.ThrowableCollector.execute(ThrowableCollector.java:73)
	at org.junit.jupiter.engine.descriptor.TestMethodTestDescriptor.invokeTestMethod(TestMethodTestDescriptor.java:214)
	at org.junit.jupiter.engine.descriptor.TestMethodTestDescriptor.execute(TestMethodTestDescriptor.java:139)
	at org.junit.jupiter.engine.descriptor.TestMethodTestDescriptor.execute(TestMethodTestDescriptor.java:69)
	at org.junit.platform.engine.support.hierarchical.NodeTestTask.lambda$executeRecursively$6(NodeTestTask.java:151)
	at org.junit.platform.engine.support.hierarchical.ThrowableCollector.execute(ThrowableCollector.java:73)
	at org.junit.platform.engine.support.hierarchical.NodeTestTask.lambda$executeRecursively$8(NodeTestTask.java:141)
	at org.junit.platform.engine.support.hierarchical.Node.around(Node.java:137)
	at org.junit.platform.engine.support.hierarchical.NodeTestTask.lambda$executeRecursively$9(NodeTestTask.java:139)
	at org.junit.platform.engine.support.hierarchical.ThrowableCollector.execute(ThrowableCollector.java:73)
	at org.junit.platform.engine.support.hierarchical.NodeTestTask.executeRecursively(NodeTestTask.java:138)
	at org.junit.platform.engine.support.hierarchical.NodeTestTask.execute(NodeTestTask.java:95)
	at java.base/java.util.ArrayList.forEach(ArrayList.java:1596)
	at org.junit.platform.engine.support.hierarchical.SameThreadHierarchicalTestExecutorService.invokeAll(SameThreadHierarchicalTestExecutorService.java:41)
	at org.junit.platform.engine.support.hierarchical.NodeTestTask.lambda$executeRecursively$6(NodeTestTask.java:155)
	at org.junit.platform.engine.support.hierarchical.ThrowableCollector.execute(ThrowableCollector.java:73)
	at org.junit.platform.engine.support.hierarchical.NodeTestTask.lambda$executeRecursively$8(NodeTestTask.java:141)
	at org.junit.platform.engine.support.hierarchical.Node.around(Node.java:137)
	at org.junit.platform.engine.support.hierarchical.NodeTestTask.lambda$executeRecursively$9(NodeTestTask.java:139)
	at org.junit.platform.engine.support.hierarchical.ThrowableCollector.execute(ThrowableCollector.java:73)
	at org.junit.platform.engine.support.hierarchical.NodeTestTask.executeRecursively(NodeTestTask.java:138)
	at org.junit.platform.engine.support.hierarchical.NodeTestTask.execute(NodeTestTask.java:95)
	at java.base/java.util.ArrayList.forEach(ArrayList.java:1596)
	at org.junit.platform.engine.support.hierarchical.SameThreadHierarchicalTestExecutorService.invokeAll(SameThreadHierarchicalTestExecutorService.java:41)
	at org.junit.platform.engine.support.hierarchical.NodeTestTask.lambda$executeRecursively$6(NodeTestTask.java:155)
	at org.junit.platform.engine.support.hierarchical.ThrowableCollector.execute(ThrowableCollector.java:73)
	at org.junit.platform.engine.support.hierarchical.NodeTestTask.lambda$executeRecursively$8(NodeTestTask.java:141)
	at org.junit.platform.engine.support.hierarchical.Node.around(Node.java:137)
	at org.junit.platform.engine.support.hierarchical.NodeTestTask.lambda$executeRecursively$9(NodeTestTask.java:139)
	at org.junit.platform.engine.support.hierarchical.ThrowableCollector.execute(ThrowableCollector.java:73)
	at org.junit.platform.engine.support.hierarchical.NodeTestTask.executeRecursively(NodeTestTask.java:138)
	at org.junit.platform.engine.support.hierarchical.NodeTestTask.execute(NodeTestTask.java:95)
	at org.junit.platform.engine.support.hierarchical.SameThreadHierarchicalTestExecutorService.submit(SameThreadHierarchicalTestExecutorService.java:35)
	at org.junit.platform.engine.support.hierarchical.HierarchicalTestExecutor.execute(HierarchicalTestExecutor.java:57)
	at org.junit.platform.engine.support.hierarchical.HierarchicalTestEngine.execute(HierarchicalTestEngine.java:54)
	at org.junit.platform.launcher.core.EngineExecutionOrchestrator.execute(EngineExecutionOrchestrator.java:198)
	at org.junit.platform.launcher.core.EngineExecutionOrchestrator.execute(EngineExecutionOrchestrator.java:169)
	at org.junit.platform.launcher.core.EngineExecutionOrchestrator.execute(EngineExecutionOrchestrator.java:93)
	at org.junit.platform.launcher.core.EngineExecutionOrchestrator.lambda$execute$0(EngineExecutionOrchestrator.java:58)
	at org.junit.platform.launcher.core.EngineExecutionOrchestrator.withInterceptedStreams(EngineExecutionOrchestrator.java:141)
	at org.junit.platform.launcher.core.EngineExecutionOrchestrator.execute(EngineExecutionOrchestrator.java:57)
	at org.junit.platform.launcher.core.DefaultLauncher.execute(DefaultLauncher.java:103)
	at org.junit.platform.launcher.core.DefaultLauncher.execute(DefaultLauncher.java:85)
	at org.junit.platform.launcher.core.DelegatingLauncher.execute(DelegatingLauncher.java:47)
	at org.apache.maven.surefire.junitplatform.LazyLauncher.execute(LazyLauncher.java:56)
	at org.apache.maven.surefire.junitplatform.JUnitPlatformProvider.execute(JUnitPlatformProvider.java:194)
	at org.apache.maven.surefire.junitplatform.JUnitPlatformProvider.invokeAllTests(JUnitPlatformProvider.java:150)
	at org.apache.maven.surefire.junitplatform.JUnitPlatformProvider.invoke(JUnitPlatformProvider.java:124)
	at org.apache.maven.surefire.booter.ForkedBooter.runSuitesInProcess(ForkedBooter.java:385)
	at org.apache.maven.surefire.booter.ForkedBooter.execute(ForkedBooter.java:162)
	at org.apache.maven.surefire.booter.ForkedBooter.run(ForkedBooter.java:507)
	at org.apache.maven.surefire.booter.ForkedBooter.main(ForkedBooter.java:495)
SLF4J: Failed toString() invocation on an object of type [org.apache.jackrabbit.api.security.user.Authorizable$MockitoMock$r3HJBcyT]
Reported exception:
javax.jcr.RepositoryException: YAY JCR!
	at org.apache.sling.cms.core.internal.models.AuthorizableWrapperImplTest.lambda$init$0(AuthorizableWrapperImplTest.java:108)
	at org.mockito.internal.handler.MockHandlerImpl.handle(MockHandlerImpl.java:111)
	at org.mockito.internal.handler.NullResultGuardian.handle(NullResultGuardian.java:29)
	at org.mockito.internal.handler.InvocationNotifierHandler.handle(InvocationNotifierHandler.java:34)
	at org.mockito.internal.creation.bytebuddy.access.MockMethodInterceptor.doIntercept(MockMethodInterceptor.java:84)
	at org.mockito.internal.creation.bytebuddy.access.MockMethodInterceptor.doIntercept(MockMethodInterceptor.java:58)
	at org.mockito.internal.creation.bytebuddy.access.MockMethodInterceptor$DispatcherDefaultingToRealMethod.interceptSuperCallable(MockMethodInterceptor.java:147)
	at org.apache.jackrabbit.api.security.user.Authorizable$MockitoMock$r3HJBcyT.toString(Unknown Source)
	at org.slf4j.helpers.MessageFormatter.safeObjectAppend(MessageFormatter.java:277)
	at org.slf4j.helpers.MessageFormatter.deeplyAppendParameter(MessageFormatter.java:249)
	at org.slf4j.helpers.MessageFormatter.arrayFormat(MessageFormatter.java:211)
	at org.slf4j.helpers.MessageFormatter.arrayFormat(MessageFormatter.java:161)
	at org.slf4j.helpers.MessageFormatter.format(MessageFormatter.java:151)
	at org.slf4j.impl.SimpleLogger.formatAndLog(SimpleLogger.java:378)
	at org.slf4j.impl.SimpleLogger.error(SimpleLogger.java:604)
	at org.apache.sling.cms.core.internal.models.AuthorizableWrapperImpl.getMembers(AuthorizableWrapperImpl.java:152)
	at org.apache.sling.cms.core.internal.models.AuthorizableWrapperImplTest.testGetMembers(AuthorizableWrapperImplTest.java:245)
	at java.base/jdk.internal.reflect.DirectMethodHandleAccessor.invoke(DirectMethodHandleAccessor.java:103)
	at java.base/java.lang.reflect.Method.invoke(Method.java:580)
	at org.junit.platform.commons.util.ReflectionUtils.invokeMethod(ReflectionUtils.java:728)
	at org.junit.jupiter.engine.execution.MethodInvocation.proceed(MethodInvocation.java:60)
	at org.junit.jupiter.engine.execution.InvocationInterceptorChain$ValidatingInvocation.proceed(InvocationInterceptorChain.java:131)
	at org.junit.jupiter.engine.extension.TimeoutExtension.intercept(TimeoutExtension.java:156)
	at org.junit.jupiter.engine.extension.TimeoutExtension.interceptTestableMethod(TimeoutExtension.java:147)
	at org.junit.jupiter.engine.extension.TimeoutExtension.interceptTestMethod(TimeoutExtension.java:86)
	at org.junit.jupiter.engine.execution.InterceptingExecutableInvoker$ReflectiveInterceptorCall.lambda$ofVoidMethod$0(InterceptingExecutableInvoker.java:103)
	at org.junit.jupiter.engine.execution.InterceptingExecutableInvoker.lambda$invoke$0(InterceptingExecutableInvoker.java:93)
	at org.junit.jupiter.engine.execution.InvocationInterceptorChain$InterceptedInvocation.proceed(InvocationInterceptorChain.java:106)
	at org.junit.jupiter.engine.execution.InvocationInterceptorChain.proceed(InvocationInterceptorChain.java:64)
	at org.junit.jupiter.engine.execution.InvocationInterceptorChain.chainAndInvoke(InvocationInterceptorChain.java:45)
	at org.junit.jupiter.engine.execution.InvocationInterceptorChain.invoke(InvocationInterceptorChain.java:37)
	at org.junit.jupiter.engine.execution.InterceptingExecutableInvoker.invoke(InterceptingExecutableInvoker.java:92)
	at org.junit.jupiter.engine.execution.InterceptingExecutableInvoker.invoke(InterceptingExecutableInvoker.java:86)
	at org.junit.jupiter.engine.descriptor.TestMethodTestDescriptor.lambda$invokeTestMethod$7(TestMethodTestDescriptor.java:218)
	at org.junit.platform.engine.support.hierarchical.ThrowableCollector.execute(ThrowableCollector.java:73)
	at org.junit.jupiter.engine.descriptor.TestMethodTestDescriptor.invokeTestMethod(TestMethodTestDescriptor.java:214)
	at org.junit.jupiter.engine.descriptor.TestMethodTestDescriptor.execute(TestMethodTestDescriptor.java:139)
	at org.junit.jupiter.engine.descriptor.TestMethodTestDescriptor.execute(TestMethodTestDescriptor.java:69)
	at org.junit.platform.engine.support.hierarchical.NodeTestTask.lambda$executeRecursively$6(NodeTestTask.java:151)
	at org.junit.platform.engine.support.hierarchical.ThrowableCollector.execute(ThrowableCollector.java:73)
	at org.junit.platform.engine.support.hierarchical.NodeTestTask.lambda$executeRecursively$8(NodeTestTask.java:141)
	at org.junit.platform.engine.support.hierarchical.Node.around(Node.java:137)
	at org.junit.platform.engine.support.hierarchical.NodeTestTask.lambda$executeRecursively$9(NodeTestTask.java:139)
	at org.junit.platform.engine.support.hierarchical.ThrowableCollector.execute(ThrowableCollector.java:73)
	at org.junit.platform.engine.support.hierarchical.NodeTestTask.executeRecursively(NodeTestTask.java:138)
	at org.junit.platform.engine.support.hierarchical.NodeTestTask.execute(NodeTestTask.java:95)
	at java.base/java.util.ArrayList.forEach(ArrayList.java:1596)
	at org.junit.platform.engine.support.hierarchical.SameThreadHierarchicalTestExecutorService.invokeAll(SameThreadHierarchicalTestExecutorService.java:41)
	at org.junit.platform.engine.support.hierarchical.NodeTestTask.lambda$executeRecursively$6(NodeTestTask.java:155)
	at org.junit.platform.engine.support.hierarchical.ThrowableCollector.execute(ThrowableCollector.java:73)
	at org.junit.platform.engine.support.hierarchical.NodeTestTask.lambda$executeRecursively$8(NodeTestTask.java:141)
	at org.junit.platform.engine.support.hierarchical.Node.around(Node.java:137)
	at org.junit.platform.engine.support.hierarchical.NodeTestTask.lambda$executeRecursively$9(NodeTestTask.java:139)
	at org.junit.platform.engine.support.hierarchical.ThrowableCollector.execute(ThrowableCollector.java:73)
	at org.junit.platform.engine.support.hierarchical.NodeTestTask.executeRecursively(NodeTestTask.java:138)
	at org.junit.platform.engine.support.hierarchical.NodeTestTask.execute(NodeTestTask.java:95)
	at java.base/java.util.ArrayList.forEach(ArrayList.java:1596)
	at org.junit.platform.engine.support.hierarchical.SameThreadHierarchicalTestExecutorService.invokeAll(SameThreadHierarchicalTestExecutorService.java:41)
	at org.junit.platform.engine.support.hierarchical.NodeTestTask.lambda$executeRecursively$6(NodeTestTask.java:155)
	at org.junit.platform.engine.support.hierarchical.ThrowableCollector.execute(ThrowableCollector.java:73)
	at org.junit.platform.engine.support.hierarchical.NodeTestTask.lambda$executeRecursively$8(NodeTestTask.java:141)
	at org.junit.platform.engine.support.hierarchical.Node.around(Node.java:137)
	at org.junit.platform.engine.support.hierarchical.NodeTestTask.lambda$executeRecursively$9(NodeTestTask.java:139)
	at org.junit.platform.engine.support.hierarchical.ThrowableCollector.execute(ThrowableCollector.java:73)
	at org.junit.platform.engine.support.hierarchical.NodeTestTask.executeRecursively(NodeTestTask.java:138)
	at org.junit.platform.engine.support.hierarchical.NodeTestTask.execute(NodeTestTask.java:95)
	at org.junit.platform.engine.support.hierarchical.SameThreadHierarchicalTestExecutorService.submit(SameThreadHierarchicalTestExecutorService.java:35)
	at org.junit.platform.engine.support.hierarchical.HierarchicalTestExecutor.execute(HierarchicalTestExecutor.java:57)
	at org.junit.platform.engine.support.hierarchical.HierarchicalTestEngine.execute(HierarchicalTestEngine.java:54)
	at org.junit.platform.launcher.core.EngineExecutionOrchestrator.execute(EngineExecutionOrchestrator.java:198)
	at org.junit.platform.launcher.core.EngineExecutionOrchestrator.execute(EngineExecutionOrchestrator.java:169)
	at org.junit.platform.launcher.core.EngineExecutionOrchestrator.execute(EngineExecutionOrchestrator.java:93)
	at org.junit.platform.launcher.core.EngineExecutionOrchestrator.lambda$execute$0(EngineExecutionOrchestrator.java:58)
	at org.junit.platform.launcher.core.EngineExecutionOrchestrator.withInterceptedStreams(EngineExecutionOrchestrator.java:141)
	at org.junit.platform.launcher.core.EngineExecutionOrchestrator.execute(EngineExecutionOrchestrator.java:57)
	at org.junit.platform.launcher.core.DefaultLauncher.execute(DefaultLauncher.java:103)
	at org.junit.platform.launcher.core.DefaultLauncher.execute(DefaultLauncher.java:85)
	at org.junit.platform.launcher.core.DelegatingLauncher.execute(DelegatingLauncher.java:47)
	at org.apache.maven.surefire.junitplatform.LazyLauncher.execute(LazyLauncher.java:56)
	at org.apache.maven.surefire.junitplatform.JUnitPlatformProvider.execute(JUnitPlatformProvider.java:194)
	at org.apache.maven.surefire.junitplatform.JUnitPlatformProvider.invokeAllTests(JUnitPlatformProvider.java:150)
	at org.apache.maven.surefire.junitplatform.JUnitPlatformProvider.invoke(JUnitPlatformProvider.java:124)
	at org.apache.maven.surefire.booter.ForkedBooter.runSuitesInProcess(ForkedBooter.java:385)
	at org.apache.maven.surefire.booter.ForkedBooter.execute(ForkedBooter.java:162)
	at org.apache.maven.surefire.booter.ForkedBooter.run(ForkedBooter.java:507)
	at org.apache.maven.surefire.booter.ForkedBooter.main(ForkedBooter.java:495)
[main] ERROR org.apache.sling.cms.core.internal.models.AuthorizableWrapperImpl - Failed to get membership of authorizable: [FAILED toString()]
javax.jcr.RepositoryException: YAY JCR!
	at org.apache.sling.cms.core.internal.models.AuthorizableWrapperImplTest.lambda$init$0(AuthorizableWrapperImplTest.java:108)
	at org.mockito.internal.handler.MockHandlerImpl.handle(MockHandlerImpl.java:111)
	at org.mockito.internal.handler.NullResultGuardian.handle(NullResultGuardian.java:29)
	at org.mockito.internal.handler.InvocationNotifierHandler.handle(InvocationNotifierHandler.java:34)
	at org.mockito.internal.creation.bytebuddy.access.MockMethodInterceptor.doIntercept(MockMethodInterceptor.java:84)
	at org.mockito.internal.creation.bytebuddy.access.MockMethodInterceptor.doIntercept(MockMethodInterceptor.java:58)
	at org.mockito.internal.creation.bytebuddy.access.MockMethodInterceptor$DispatcherDefaultingToRealMethod.interceptAbstract(MockMethodInterceptor.java:163)
	at org.apache.jackrabbit.api.security.user.Authorizable$MockitoMock$r3HJBcyT.isGroup(Unknown Source)
	at org.apache.sling.cms.core.internal.models.AuthorizableWrapperImpl.getMembers(AuthorizableWrapperImpl.java:145)
	at org.apache.sling.cms.core.internal.models.AuthorizableWrapperImplTest.testGetMembers(AuthorizableWrapperImplTest.java:245)
	at java.base/jdk.internal.reflect.DirectMethodHandleAccessor.invoke(DirectMethodHandleAccessor.java:103)
	at java.base/java.lang.reflect.Method.invoke(Method.java:580)
	at org.junit.platform.commons.util.ReflectionUtils.invokeMethod(ReflectionUtils.java:728)
	at org.junit.jupiter.engine.execution.MethodInvocation.proceed(MethodInvocation.java:60)
	at org.junit.jupiter.engine.execution.InvocationInterceptorChain$ValidatingInvocation.proceed(InvocationInterceptorChain.java:131)
	at org.junit.jupiter.engine.extension.TimeoutExtension.intercept(TimeoutExtension.java:156)
	at org.junit.jupiter.engine.extension.TimeoutExtension.interceptTestableMethod(TimeoutExtension.java:147)
	at org.junit.jupiter.engine.extension.TimeoutExtension.interceptTestMethod(TimeoutExtension.java:86)
	at org.junit.jupiter.engine.execution.InterceptingExecutableInvoker$ReflectiveInterceptorCall.lambda$ofVoidMethod$0(InterceptingExecutableInvoker.java:103)
	at org.junit.jupiter.engine.execution.InterceptingExecutableInvoker.lambda$invoke$0(InterceptingExecutableInvoker.java:93)
	at org.junit.jupiter.engine.execution.InvocationInterceptorChain$InterceptedInvocation.proceed(InvocationInterceptorChain.java:106)
	at org.junit.jupiter.engine.execution.InvocationInterceptorChain.proceed(InvocationInterceptorChain.java:64)
	at org.junit.jupiter.engine.execution.InvocationInterceptorChain.chainAndInvoke(InvocationInterceptorChain.java:45)
	at org.junit.jupiter.engine.execution.InvocationInterceptorChain.invoke(InvocationInterceptorChain.java:37)
	at org.junit.jupiter.engine.execution.InterceptingExecutableInvoker.invoke(InterceptingExecutableInvoker.java:92)
	at org.junit.jupiter.engine.execution.InterceptingExecutableInvoker.invoke(InterceptingExecutableInvoker.java:86)
	at org.junit.jupiter.engine.descriptor.TestMethodTestDescriptor.lambda$invokeTestMethod$7(TestMethodTestDescriptor.java:218)
	at org.junit.platform.engine.support.hierarchical.ThrowableCollector.execute(ThrowableCollector.java:73)
	at org.junit.jupiter.engine.descriptor.TestMethodTestDescriptor.invokeTestMethod(TestMethodTestDescriptor.java:214)
	at org.junit.jupiter.engine.descriptor.TestMethodTestDescriptor.execute(TestMethodTestDescriptor.java:139)
	at org.junit.jupiter.engine.descriptor.TestMethodTestDescriptor.execute(TestMethodTestDescriptor.java:69)
	at org.junit.platform.engine.support.hierarchical.NodeTestTask.lambda$executeRecursively$6(NodeTestTask.java:151)
	at org.junit.platform.engine.support.hierarchical.ThrowableCollector.execute(ThrowableCollector.java:73)
	at org.junit.platform.engine.support.hierarchical.NodeTestTask.lambda$executeRecursively$8(NodeTestTask.java:141)
	at org.junit.platform.engine.support.hierarchical.Node.around(Node.java:137)
	at org.junit.platform.engine.support.hierarchical.NodeTestTask.lambda$executeRecursively$9(NodeTestTask.java:139)
	at org.junit.platform.engine.support.hierarchical.ThrowableCollector.execute(ThrowableCollector.java:73)
	at org.junit.platform.engine.support.hierarchical.NodeTestTask.executeRecursively(NodeTestTask.java:138)
	at org.junit.platform.engine.support.hierarchical.NodeTestTask.execute(NodeTestTask.java:95)
	at java.base/java.util.ArrayList.forEach(ArrayList.java:1596)
	at org.junit.platform.engine.support.hierarchical.SameThreadHierarchicalTestExecutorService.invokeAll(SameThreadHierarchicalTestExecutorService.java:41)
	at org.junit.platform.engine.support.hierarchical.NodeTestTask.lambda$executeRecursively$6(NodeTestTask.java:155)
	at org.junit.platform.engine.support.hierarchical.ThrowableCollector.execute(ThrowableCollector.java:73)
	at org.junit.platform.engine.support.hierarchical.NodeTestTask.lambda$executeRecursively$8(NodeTestTask.java:141)
	at org.junit.platform.engine.support.hierarchical.Node.around(Node.java:137)
	at org.junit.platform.engine.support.hierarchical.NodeTestTask.lambda$executeRecursively$9(NodeTestTask.java:139)
	at org.junit.platform.engine.support.hierarchical.ThrowableCollector.execute(ThrowableCollector.java:73)
	at org.junit.platform.engine.support.hierarchical.NodeTestTask.executeRecursively(NodeTestTask.java:138)
	at org.junit.platform.engine.support.hierarchical.NodeTestTask.execute(NodeTestTask.java:95)
	at java.base/java.util.ArrayList.forEach(ArrayList.java:1596)
	at org.junit.platform.engine.support.hierarchical.SameThreadHierarchicalTestExecutorService.invokeAll(SameThreadHierarchicalTestExecutorService.java:41)
	at org.junit.platform.engine.support.hierarchical.NodeTestTask.lambda$executeRecursively$6(NodeTestTask.java:155)
	at org.junit.platform.engine.support.hierarchical.ThrowableCollector.execute(ThrowableCollector.java:73)
	at org.junit.platform.engine.support.hierarchical.NodeTestTask.lambda$executeRecursively$8(NodeTestTask.java:141)
	at org.junit.platform.engine.support.hierarchical.Node.around(Node.java:137)
	at org.junit.platform.engine.support.hierarchical.NodeTestTask.lambda$executeRecursively$9(NodeTestTask.java:139)
	at org.junit.platform.engine.support.hierarchical.ThrowableCollector.execute(ThrowableCollector.java:73)
	at org.junit.platform.engine.support.hierarchical.NodeTestTask.executeRecursively(NodeTestTask.java:138)
	at org.junit.platform.engine.support.hierarchical.NodeTestTask.execute(NodeTestTask.java:95)
	at org.junit.platform.engine.support.hierarchical.SameThreadHierarchicalTestExecutorService.submit(SameThreadHierarchicalTestExecutorService.java:35)
	at org.junit.platform.engine.support.hierarchical.HierarchicalTestExecutor.execute(HierarchicalTestExecutor.java:57)
	at org.junit.platform.engine.support.hierarchical.HierarchicalTestEngine.execute(HierarchicalTestEngine.java:54)
	at org.junit.platform.launcher.core.EngineExecutionOrchestrator.execute(EngineExecutionOrchestrator.java:198)
	at org.junit.platform.launcher.core.EngineExecutionOrchestrator.execute(EngineExecutionOrchestrator.java:169)
	at org.junit.platform.launcher.core.EngineExecutionOrchestrator.execute(EngineExecutionOrchestrator.java:93)
	at org.junit.platform.launcher.core.EngineExecutionOrchestrator.lambda$execute$0(EngineExecutionOrchestrator.java:58)
	at org.junit.platform.launcher.core.EngineExecutionOrchestrator.withInterceptedStreams(EngineExecutionOrchestrator.java:141)
	at org.junit.platform.launcher.core.EngineExecutionOrchestrator.execute(EngineExecutionOrchestrator.java:57)
	at org.junit.platform.launcher.core.DefaultLauncher.execute(DefaultLauncher.java:103)
	at org.junit.platform.launcher.core.DefaultLauncher.execute(DefaultLauncher.java:85)
	at org.junit.platform.launcher.core.DelegatingLauncher.execute(DelegatingLauncher.java:47)
	at org.apache.maven.surefire.junitplatform.LazyLauncher.execute(LazyLauncher.java:56)
	at org.apache.maven.surefire.junitplatform.JUnitPlatformProvider.execute(JUnitPlatformProvider.java:194)
	at org.apache.maven.surefire.junitplatform.JUnitPlatformProvider.invokeAllTests(JUnitPlatformProvider.java:150)
	at org.apache.maven.surefire.junitplatform.JUnitPlatformProvider.invoke(JUnitPlatformProvider.java:124)
	at org.apache.maven.surefire.booter.ForkedBooter.runSuitesInProcess(ForkedBooter.java:385)
	at org.apache.maven.surefire.booter.ForkedBooter.execute(ForkedBooter.java:162)
	at org.apache.maven.surefire.booter.ForkedBooter.run(ForkedBooter.java:507)
	at org.apache.maven.surefire.booter.ForkedBooter.main(ForkedBooter.java:495)
[main] ERROR org.apache.sling.cms.core.internal.models.AuthorizableWrapperImpl - Failed to check if authorizable is an administrator
javax.jcr.RepositoryException: YAY JCR!
	at org.apache.sling.cms.core.internal.models.AuthorizableWrapperImplTest.lambda$init$0(AuthorizableWrapperImplTest.java:108)
	at org.mockito.internal.handler.MockHandlerImpl.handle(MockHandlerImpl.java:111)
	at org.mockito.internal.handler.NullResultGuardian.handle(NullResultGuardian.java:29)
	at org.mockito.internal.handler.InvocationNotifierHandler.handle(InvocationNotifierHandler.java:34)
	at org.mockito.internal.creation.bytebuddy.access.MockMethodInterceptor.doIntercept(MockMethodInterceptor.java:84)
	at org.mockito.internal.creation.bytebuddy.access.MockMethodInterceptor.doIntercept(MockMethodInterceptor.java:58)
	at org.mockito.internal.creation.bytebuddy.access.MockMethodInterceptor$DispatcherDefaultingToRealMethod.interceptAbstract(MockMethodInterceptor.java:163)
	at org.apache.jackrabbit.api.security.user.Authorizable$MockitoMock$r3HJBcyT.isGroup(Unknown Source)
	at org.apache.sling.cms.core.internal.models.AuthorizableWrapperImpl.isAdministrator(AuthorizableWrapperImpl.java:170)
	at org.apache.sling.cms.core.internal.models.AuthorizableWrapperImplTest.testIsAdmin(AuthorizableWrapperImplTest.java:285)
	at java.base/jdk.internal.reflect.DirectMethodHandleAccessor.invoke(DirectMethodHandleAccessor.java:103)
	at java.base/java.lang.reflect.Method.invoke(Method.java:580)
	at org.junit.platform.commons.util.ReflectionUtils.invokeMethod(ReflectionUtils.java:728)
	at org.junit.jupiter.engine.execution.MethodInvocation.proceed(MethodInvocation.java:60)
	at org.junit.jupiter.engine.execution.InvocationInterceptorChain$ValidatingInvocation.proceed(InvocationInterceptorChain.java:131)
	at org.junit.jupiter.engine.extension.TimeoutExtension.intercept(TimeoutExtension.java:156)
	at org.junit.jupiter.engine.extension.TimeoutExtension.interceptTestableMethod(TimeoutExtension.java:147)
	at org.junit.jupiter.engine.extension.TimeoutExtension.interceptTestMethod(TimeoutExtension.java:86)
	at org.junit.jupiter.engine.execution.InterceptingExecutableInvoker$ReflectiveInterceptorCall.lambda$ofVoidMethod$0(InterceptingExecutableInvoker.java:103)
	at org.junit.jupiter.engine.execution.InterceptingExecutableInvoker.lambda$invoke$0(InterceptingExecutableInvoker.java:93)
	at org.junit.jupiter.engine.execution.InvocationInterceptorChain$InterceptedInvocation.proceed(InvocationInterceptorChain.java:106)
	at org.junit.jupiter.engine.execution.InvocationInterceptorChain.proceed(InvocationInterceptorChain.java:64)
	at org.junit.jupiter.engine.execution.InvocationInterceptorChain.chainAndInvoke(InvocationInterceptorChain.java:45)
	at org.junit.jupiter.engine.execution.InvocationInterceptorChain.invoke(InvocationInterceptorChain.java:37)
	at org.junit.jupiter.engine.execution.InterceptingExecutableInvoker.invoke(InterceptingExecutableInvoker.java:92)
	at org.junit.jupiter.engine.execution.InterceptingExecutableInvoker.invoke(InterceptingExecutableInvoker.java:86)
	at org.junit.jupiter.engine.descriptor.TestMethodTestDescriptor.lambda$invokeTestMethod$7(TestMethodTestDescriptor.java:218)
	at org.junit.platform.engine.support.hierarchical.ThrowableCollector.execute(ThrowableCollector.java:73)
	at org.junit.jupiter.engine.descriptor.TestMethodTestDescriptor.invokeTestMethod(TestMethodTestDescriptor.java:214)
	at org.junit.jupiter.engine.descriptor.TestMethodTestDescriptor.execute(TestMethodTestDescriptor.java:139)
	at org.junit.jupiter.engine.descriptor.TestMethodTestDescriptor.execute(TestMethodTestDescriptor.java:69)
	at org.junit.platform.engine.support.hierarchical.NodeTestTask.lambda$executeRecursively$6(NodeTestTask.java:151)
	at org.junit.platform.engine.support.hierarchical.ThrowableCollector.execute(ThrowableCollector.java:73)
	at org.junit.platform.engine.support.hierarchical.NodeTestTask.lambda$executeRecursively$8(NodeTestTask.java:141)
	at org.junit.platform.engine.support.hierarchical.Node.around(Node.java:137)
	at org.junit.platform.engine.support.hierarchical.NodeTestTask.lambda$executeRecursively$9(NodeTestTask.java:139)
	at org.junit.platform.engine.support.hierarchical.ThrowableCollector.execute(ThrowableCollector.java:73)
	at org.junit.platform.engine.support.hierarchical.NodeTestTask.executeRecursively(NodeTestTask.java:138)
	at org.junit.platform.engine.support.hierarchical.NodeTestTask.execute(NodeTestTask.java:95)
	at java.base/java.util.ArrayList.forEach(ArrayList.java:1596)
	at org.junit.platform.engine.support.hierarchical.SameThreadHierarchicalTestExecutorService.invokeAll(SameThreadHierarchicalTestExecutorService.java:41)
	at org.junit.platform.engine.support.hierarchical.NodeTestTask.lambda$executeRecursively$6(NodeTestTask.java:155)
	at org.junit.platform.engine.support.hierarchical.ThrowableCollector.execute(ThrowableCollector.java:73)
	at org.junit.platform.engine.support.hierarchical.NodeTestTask.lambda$executeRecursively$8(NodeTestTask.java:141)
	at org.junit.platform.engine.support.hierarchical.Node.around(Node.java:137)
	at org.junit.platform.engine.support.hierarchical.NodeTestTask.lambda$executeRecursively$9(NodeTestTask.java:139)
	at org.junit.platform.engine.support.hierarchical.ThrowableCollector.execute(ThrowableCollector.java:73)
	at org.junit.platform.engine.support.hierarchical.NodeTestTask.executeRecursively(NodeTestTask.java:138)
	at org.junit.platform.engine.support.hierarchical.NodeTestTask.execute(NodeTestTask.java:95)
	at java.base/java.util.ArrayList.forEach(ArrayList.java:1596)
	at org.junit.platform.engine.support.hierarchical.SameThreadHierarchicalTestExecutorService.invokeAll(SameThreadHierarchicalTestExecutorService.java:41)
	at org.junit.platform.engine.support.hierarchical.NodeTestTask.lambda$executeRecursively$6(NodeTestTask.java:155)
	at org.junit.platform.engine.support.hierarchical.ThrowableCollector.execute(ThrowableCollector.java:73)
	at org.junit.platform.engine.support.hierarchical.NodeTestTask.lambda$executeRecursively$8(NodeTestTask.java:141)
	at org.junit.platform.engine.support.hierarchical.Node.around(Node.java:137)
	at org.junit.platform.engine.support.hierarchical.NodeTestTask.lambda$executeRecursively$9(NodeTestTask.java:139)
	at org.junit.platform.engine.support.hierarchical.ThrowableCollector.execute(ThrowableCollector.java:73)
	at org.junit.platform.engine.support.hierarchical.NodeTestTask.executeRecursively(NodeTestTask.java:138)
	at org.junit.platform.engine.support.hierarchical.NodeTestTask.execute(NodeTestTask.java:95)
	at org.junit.platform.engine.support.hierarchical.SameThreadHierarchicalTestExecutorService.submit(SameThreadHierarchicalTestExecutorService.java:35)
	at org.junit.platform.engine.support.hierarchical.HierarchicalTestExecutor.execute(HierarchicalTestExecutor.java:57)
	at org.junit.platform.engine.support.hierarchical.HierarchicalTestEngine.execute(HierarchicalTestEngine.java:54)
	at org.junit.platform.launcher.core.EngineExecutionOrchestrator.execute(EngineExecutionOrchestrator.java:198)
	at org.junit.platform.launcher.core.EngineExecutionOrchestrator.execute(EngineExecutionOrchestrator.java:169)
	at org.junit.platform.launcher.core.EngineExecutionOrchestrator.execute(EngineExecutionOrchestrator.java:93)
	at org.junit.platform.launcher.core.EngineExecutionOrchestrator.lambda$execute$0(EngineExecutionOrchestrator.java:58)
	at org.junit.platform.launcher.core.EngineExecutionOrchestrator.withInterceptedStreams(EngineExecutionOrchestrator.java:141)
	at org.junit.platform.launcher.core.EngineExecutionOrchestrator.execute(EngineExecutionOrchestrator.java:57)
	at org.junit.platform.launcher.core.DefaultLauncher.execute(DefaultLauncher.java:103)
	at org.junit.platform.launcher.core.DefaultLauncher.execute(DefaultLauncher.java:85)
	at org.junit.platform.launcher.core.DelegatingLauncher.execute(DelegatingLauncher.java:47)
	at org.apache.maven.surefire.junitplatform.LazyLauncher.execute(LazyLauncher.java:56)
	at org.apache.maven.surefire.junitplatform.JUnitPlatformProvider.execute(JUnitPlatformProvider.java:194)
	at org.apache.maven.surefire.junitplatform.JUnitPlatformProvider.invokeAllTests(JUnitPlatformProvider.java:150)
	at org.apache.maven.surefire.junitplatform.JUnitPlatformProvider.invoke(JUnitPlatformProvider.java:124)
	at org.apache.maven.surefire.booter.ForkedBooter.runSuitesInProcess(ForkedBooter.java:385)
	at org.apache.maven.surefire.booter.ForkedBooter.execute(ForkedBooter.java:162)
	at org.apache.maven.surefire.booter.ForkedBooter.run(ForkedBooter.java:507)
	at org.apache.maven.surefire.booter.ForkedBooter.main(ForkedBooter.java:495)
SLF4J: Failed toString() invocation on an object of type [org.apache.jackrabbit.api.security.user.Authorizable$MockitoMock$r3HJBcyT]
Reported exception:
javax.jcr.RepositoryException: YAY JCR!
	at org.apache.sling.cms.core.internal.models.AuthorizableWrapperImplTest.lambda$init$0(AuthorizableWrapperImplTest.java:108)
	at org.mockito.internal.handler.MockHandlerImpl.handle(MockHandlerImpl.java:111)
	at org.mockito.internal.handler.NullResultGuardian.handle(NullResultGuardian.java:29)
	at org.mockito.internal.handler.InvocationNotifierHandler.handle(InvocationNotifierHandler.java:34)
	at org.mockito.internal.creation.bytebuddy.access.MockMethodInterceptor.doIntercept(MockMethodInterceptor.java:84)
	at org.mockito.internal.creation.bytebuddy.access.MockMethodInterceptor.doIntercept(MockMethodInterceptor.java:58)
	at org.mockito.internal.creation.bytebuddy.access.MockMethodInterceptor$DispatcherDefaultingToRealMethod.interceptSuperCallable(MockMethodInterceptor.java:147)
	at org.apache.jackrabbit.api.security.user.Authorizable$MockitoMock$r3HJBcyT.toString(Unknown Source)
	at org.slf4j.helpers.MessageFormatter.safeObjectAppend(MessageFormatter.java:277)
	at org.slf4j.helpers.MessageFormatter.deeplyAppendParameter(MessageFormatter.java:249)
	at org.slf4j.helpers.MessageFormatter.arrayFormat(MessageFormatter.java:211)
	at org.slf4j.helpers.MessageFormatter.arrayFormat(MessageFormatter.java:161)
	at org.slf4j.helpers.MessageFormatter.format(MessageFormatter.java:151)
	at org.slf4j.impl.SimpleLogger.formatAndLog(SimpleLogger.java:378)
	at org.slf4j.impl.SimpleLogger.error(SimpleLogger.java:604)
	at org.apache.sling.cms.core.internal.models.AuthorizableWrapperImpl.getDeclaredMembership(AuthorizableWrapperImpl.java:89)
	at org.apache.sling.cms.core.internal.models.AuthorizableWrapperImplTest.testDeclaredMembership(AuthorizableWrapperImplTest.java:306)
	at java.base/jdk.internal.reflect.DirectMethodHandleAccessor.invoke(DirectMethodHandleAccessor.java:103)
	at java.base/java.lang.reflect.Method.invoke(Method.java:580)
	at org.junit.platform.commons.util.ReflectionUtils.invokeMethod(ReflectionUtils.java:728)
	at org.junit.jupiter.engine.execution.MethodInvocation.proceed(MethodInvocation.java:60)
	at org.junit.jupiter.engine.execution.InvocationInterceptorChain$ValidatingInvocation.proceed(InvocationInterceptorChain.java:131)
	at org.junit.jupiter.engine.extension.TimeoutExtension.intercept(TimeoutExtension.java:156)
	at org.junit.jupiter.engine.extension.TimeoutExtension.interceptTestableMethod(TimeoutExtension.java:147)
	at org.junit.jupiter.engine.extension.TimeoutExtension.interceptTestMethod(TimeoutExtension.java:86)
	at org.junit.jupiter.engine.execution.InterceptingExecutableInvoker$ReflectiveInterceptorCall.lambda$ofVoidMethod$0(InterceptingExecutableInvoker.java:103)
	at org.junit.jupiter.engine.execution.InterceptingExecutableInvoker.lambda$invoke$0(InterceptingExecutableInvoker.java:93)
	at org.junit.jupiter.engine.execution.InvocationInterceptorChain$InterceptedInvocation.proceed(InvocationInterceptorChain.java:106)
	at org.junit.jupiter.engine.execution.InvocationInterceptorChain.proceed(InvocationInterceptorChain.java:64)
	at org.junit.jupiter.engine.execution.InvocationInterceptorChain.chainAndInvoke(InvocationInterceptorChain.java:45)
	at org.junit.jupiter.engine.execution.InvocationInterceptorChain.invoke(InvocationInterceptorChain.java:37)
	at org.junit.jupiter.engine.execution.InterceptingExecutableInvoker.invoke(InterceptingExecutableInvoker.java:92)
	at org.junit.jupiter.engine.execution.InterceptingExecutableInvoker.invoke(InterceptingExecutableInvoker.java:86)
	at org.junit.jupiter.engine.descriptor.TestMethodTestDescriptor.lambda$invokeTestMethod$7(TestMethodTestDescriptor.java:218)
	at org.junit.platform.engine.support.hierarchical.ThrowableCollector.execute(ThrowableCollector.java:73)
	at org.junit.jupiter.engine.descriptor.TestMethodTestDescriptor.invokeTestMethod(TestMethodTestDescriptor.java:214)
	at org.junit.jupiter.engine.descriptor.TestMethodTestDescriptor.execute(TestMethodTestDescriptor.java:139)
	at org.junit.jupiter.engine.descriptor.TestMethodTestDescriptor.execute(TestMethodTestDescriptor.java:69)
	at org.junit.platform.engine.support.hierarchical.NodeTestTask.lambda$executeRecursively$6(NodeTestTask.java:151)
	at org.junit.platform.engine.support.hierarchical.ThrowableCollector.execute(ThrowableCollector.java:73)
	at org.junit.platform.engine.support.hierarchical.NodeTestTask.lambda$executeRecursively$8(NodeTestTask.java:141)
	at org.junit.platform.engine.support.hierarchical.Node.around(Node.java:137)
	at org.junit.platform.engine.support.hierarchical.NodeTestTask.lambda$executeRecursively$9(NodeTestTask.java:139)
	at org.junit.platform.engine.support.hierarchical.ThrowableCollector.execute(ThrowableCollector.java:73)
	at org.junit.platform.engine.support.hierarchical.NodeTestTask.executeRecursively(NodeTestTask.java:138)
	at org.junit.platform.engine.support.hierarchical.NodeTestTask.execute(NodeTestTask.java:95)
	at java.base/java.util.ArrayList.forEach(ArrayList.java:1596)
	at org.junit.platform.engine.support.hierarchical.SameThreadHierarchicalTestExecutorService.invokeAll(SameThreadHierarchicalTestExecutorService.java:41)
	at org.junit.platform.engine.support.hierarchical.NodeTestTask.lambda$executeRecursively$6(NodeTestTask.java:155)
	at org.junit.platform.engine.support.hierarchical.ThrowableCollector.execute(ThrowableCollector.java:73)
	at org.junit.platform.engine.support.hierarchical.NodeTestTask.lambda$executeRecursively$8(NodeTestTask.java:141)
	at org.junit.platform.engine.support.hierarchical.Node.around(Node.java:137)
	at org.junit.platform.engine.support.hierarchical.NodeTestTask.lambda$executeRecursively$9(NodeTestTask.java:139)
	at org.junit.platform.engine.support.hierarchical.ThrowableCollector.execute(ThrowableCollector.java:73)
	at org.junit.platform.engine.support.hierarchical.NodeTestTask.executeRecursively(NodeTestTask.java:138)
	at org.junit.platform.engine.support.hierarchical.NodeTestTask.execute(NodeTestTask.java:95)
	at java.base/java.util.ArrayList.forEach(ArrayList.java:1596)
	at org.junit.platform.engine.support.hierarchical.SameThreadHierarchicalTestExecutorService.invokeAll(SameThreadHierarchicalTestExecutorService.java:41)
	at org.junit.platform.engine.support.hierarchical.NodeTestTask.lambda$executeRecursively$6(NodeTestTask.java:155)
	at org.junit.platform.engine.support.hierarchical.ThrowableCollector.execute(ThrowableCollector.java:73)
	at org.junit.platform.engine.support.hierarchical.NodeTestTask.lambda$executeRecursively$8(NodeTestTask.java:141)
	at org.junit.platform.engine.support.hierarchical.Node.around(Node.java:137)
	at org.junit.platform.engine.support.hierarchical.NodeTestTask.lambda$executeRecursively$9(NodeTestTask.java:139)
	at org.junit.platform.engine.support.hierarchical.ThrowableCollector.execute(ThrowableCollector.java:73)
	at org.junit.platform.engine.support.hierarchical.NodeTestTask.executeRecursively(NodeTestTask.java:138)
	at org.junit.platform.engine.support.hierarchical.NodeTestTask.execute(NodeTestTask.java:95)
	at org.junit.platform.engine.support.hierarchical.SameThreadHierarchicalTestExecutorService.submit(SameThreadHierarchicalTestExecutorService.java:35)
	at org.junit.platform.engine.support.hierarchical.HierarchicalTestExecutor.execute(HierarchicalTestExecutor.java:57)
	at org.junit.platform.engine.support.hierarchical.HierarchicalTestEngine.execute(HierarchicalTestEngine.java:54)
	at org.junit.platform.launcher.core.EngineExecutionOrchestrator.execute(EngineExecutionOrchestrator.java:198)
	at org.junit.platform.launcher.core.EngineExecutionOrchestrator.execute(EngineExecutionOrchestrator.java:169)
	at org.junit.platform.launcher.core.EngineExecutionOrchestrator.execute(EngineExecutionOrchestrator.java:93)
	at org.junit.platform.launcher.core.EngineExecutionOrchestrator.lambda$execute$0(EngineExecutionOrchestrator.java:58)
	at org.junit.platform.launcher.core.EngineExecutionOrchestrator.withInterceptedStreams(EngineExecutionOrchestrator.java:141)
	at org.junit.platform.launcher.core.EngineExecutionOrchestrator.execute(EngineExecutionOrchestrator.java:57)
	at org.junit.platform.launcher.core.DefaultLauncher.execute(DefaultLauncher.java:103)
	at org.junit.platform.launcher.core.DefaultLauncher.execute(DefaultLauncher.java:85)
	at org.junit.platform.launcher.core.DelegatingLauncher.execute(DelegatingLauncher.java:47)
	at org.apache.maven.surefire.junitplatform.LazyLauncher.execute(LazyLauncher.java:56)
	at org.apache.maven.surefire.junitplatform.JUnitPlatformProvider.execute(JUnitPlatformProvider.java:194)
	at org.apache.maven.surefire.junitplatform.JUnitPlatformProvider.invokeAllTests(JUnitPlatformProvider.java:150)
	at org.apache.maven.surefire.junitplatform.JUnitPlatformProvider.invoke(JUnitPlatformProvider.java:124)
	at org.apache.maven.surefire.booter.ForkedBooter.runSuitesInProcess(ForkedBooter.java:385)
	at org.apache.maven.surefire.booter.ForkedBooter.execute(ForkedBooter.java:162)
	at org.apache.maven.surefire.booter.ForkedBooter.run(ForkedBooter.java:507)
	at org.apache.maven.surefire.booter.ForkedBooter.main(ForkedBooter.java:495)
[main] ERROR org.apache.sling.cms.core.internal.models.AuthorizableWrapperImpl - Failed to get declared membership of authorizable: [FAILED toString()]
javax.jcr.RepositoryException: YAY JCR!
	at org.apache.sling.cms.core.internal.models.AuthorizableWrapperImplTest.lambda$init$0(AuthorizableWrapperImplTest.java:108)
	at org.mockito.internal.handler.MockHandlerImpl.handle(MockHandlerImpl.java:111)
	at org.mockito.internal.handler.NullResultGuardian.handle(NullResultGuardian.java:29)
	at org.mockito.internal.handler.InvocationNotifierHandler.handle(InvocationNotifierHandler.java:34)
	at org.mockito.internal.creation.bytebuddy.access.MockMethodInterceptor.doIntercept(MockMethodInterceptor.java:84)
	at org.mockito.internal.creation.bytebuddy.access.MockMethodInterceptor.doIntercept(MockMethodInterceptor.java:58)
	at org.mockito.internal.creation.bytebuddy.access.MockMethodInterceptor$DispatcherDefaultingToRealMethod.interceptAbstract(MockMethodInterceptor.java:163)
	at org.apache.jackrabbit.api.security.user.Authorizable$MockitoMock$r3HJBcyT.declaredMemberOf(Unknown Source)
	at org.apache.sling.cms.core.internal.models.AuthorizableWrapperImpl.getDeclaredMembership(AuthorizableWrapperImpl.java:87)
	at org.apache.sling.cms.core.internal.models.AuthorizableWrapperImplTest.testDeclaredMembership(AuthorizableWrapperImplTest.java:306)
	at java.base/jdk.internal.reflect.DirectMethodHandleAccessor.invoke(DirectMethodHandleAccessor.java:103)
	at java.base/java.lang.reflect.Method.invoke(Method.java:580)
	at org.junit.platform.commons.util.ReflectionUtils.invokeMethod(ReflectionUtils.java:728)
	at org.junit.jupiter.engine.execution.MethodInvocation.proceed(MethodInvocation.java:60)
	at org.junit.jupiter.engine.execution.InvocationInterceptorChain$ValidatingInvocation.proceed(InvocationInterceptorChain.java:131)
	at org.junit.jupiter.engine.extension.TimeoutExtension.intercept(TimeoutExtension.java:156)
	at org.junit.jupiter.engine.extension.TimeoutExtension.interceptTestableMethod(TimeoutExtension.java:147)
	at org.junit.jupiter.engine.extension.TimeoutExtension.interceptTestMethod(TimeoutExtension.java:86)
	at org.junit.jupiter.engine.execution.InterceptingExecutableInvoker$ReflectiveInterceptorCall.lambda$ofVoidMethod$0(InterceptingExecutableInvoker.java:103)
	at org.junit.jupiter.engine.execution.InterceptingExecutableInvoker.lambda$invoke$0(InterceptingExecutableInvoker.java:93)
	at org.junit.jupiter.engine.execution.InvocationInterceptorChain$InterceptedInvocation.proceed(InvocationInterceptorChain.java:106)
	at org.junit.jupiter.engine.execution.InvocationInterceptorChain.proceed(InvocationInterceptorChain.java:64)
	at org.junit.jupiter.engine.execution.InvocationInterceptorChain.chainAndInvoke(InvocationInterceptorChain.java:45)
	at org.junit.jupiter.engine.execution.InvocationInterceptorChain.invoke(InvocationInterceptorChain.java:37)
	at org.junit.jupiter.engine.execution.InterceptingExecutableInvoker.invoke(InterceptingExecutableInvoker.java:92)
	at org.junit.jupiter.engine.execution.InterceptingExecutableInvoker.invoke(InterceptingExecutableInvoker.java:86)
	at org.junit.jupiter.engine.descriptor.TestMethodTestDescriptor.lambda$invokeTestMethod$7(TestMethodTestDescriptor.java:218)
	at org.junit.platform.engine.support.hierarchical.ThrowableCollector.execute(ThrowableCollector.java:73)
	at org.junit.jupiter.engine.descriptor.TestMethodTestDescriptor.invokeTestMethod(TestMethodTestDescriptor.java:214)
	at org.junit.jupiter.engine.descriptor.TestMethodTestDescriptor.execute(TestMethodTestDescriptor.java:139)
	at org.junit.jupiter.engine.descriptor.TestMethodTestDescriptor.execute(TestMethodTestDescriptor.java:69)
	at org.junit.platform.engine.support.hierarchical.NodeTestTask.lambda$executeRecursively$6(NodeTestTask.java:151)
	at org.junit.platform.engine.support.hierarchical.ThrowableCollector.execute(ThrowableCollector.java:73)
	at org.junit.platform.engine.support.hierarchical.NodeTestTask.lambda$executeRecursively$8(NodeTestTask.java:141)
	at org.junit.platform.engine.support.hierarchical.Node.around(Node.java:137)
	at org.junit.platform.engine.support.hierarchical.NodeTestTask.lambda$executeRecursively$9(NodeTestTask.java:139)
	at org.junit.platform.engine.support.hierarchical.ThrowableCollector.execute(ThrowableCollector.java:73)
	at org.junit.platform.engine.support.hierarchical.NodeTestTask.executeRecursively(NodeTestTask.java:138)
	at org.junit.platform.engine.support.hierarchical.NodeTestTask.execute(NodeTestTask.java:95)
	at java.base/java.util.ArrayList.forEach(ArrayList.java:1596)
	at org.junit.platform.engine.support.hierarchical.SameThreadHierarchicalTestExecutorService.invokeAll(SameThreadHierarchicalTestExecutorService.java:41)
	at org.junit.platform.engine.support.hierarchical.NodeTestTask.lambda$executeRecursively$6(NodeTestTask.java:155)
	at org.junit.platform.engine.support.hierarchical.ThrowableCollector.execute(ThrowableCollector.java:73)
	at org.junit.platform.engine.support.hierarchical.NodeTestTask.lambda$executeRecursively$8(NodeTestTask.java:141)
	at org.junit.platform.engine.support.hierarchical.Node.around(Node.java:137)
	at org.junit.platform.engine.support.hierarchical.NodeTestTask.lambda$executeRecursively$9(NodeTestTask.java:139)
	at org.junit.platform.engine.support.hierarchical.ThrowableCollector.execute(ThrowableCollector.java:73)
	at org.junit.platform.engine.support.hierarchical.NodeTestTask.executeRecursively(NodeTestTask.java:138)
	at org.junit.platform.engine.support.hierarchical.NodeTestTask.execute(NodeTestTask.java:95)
	at java.base/java.util.ArrayList.forEach(ArrayList.java:1596)
	at org.junit.platform.engine.support.hierarchical.SameThreadHierarchicalTestExecutorService.invokeAll(SameThreadHierarchicalTestExecutorService.java:41)
	at org.junit.platform.engine.support.hierarchical.NodeTestTask.lambda$executeRecursively$6(NodeTestTask.java:155)
	at org.junit.platform.engine.support.hierarchical.ThrowableCollector.execute(ThrowableCollector.java:73)
	at org.junit.platform.engine.support.hierarchical.NodeTestTask.lambda$executeRecursively$8(NodeTestTask.java:141)
	at org.junit.platform.engine.support.hierarchical.Node.around(Node.java:137)
	at org.junit.platform.engine.support.hierarchical.NodeTestTask.lambda$executeRecursively$9(NodeTestTask.java:139)
	at org.junit.platform.engine.support.hierarchical.ThrowableCollector.execute(ThrowableCollector.java:73)
	at org.junit.platform.engine.support.hierarchical.NodeTestTask.executeRecursively(NodeTestTask.java:138)
	at org.junit.platform.engine.support.hierarchical.NodeTestTask.execute(NodeTestTask.java:95)
	at org.junit.platform.engine.support.hierarchical.SameThreadHierarchicalTestExecutorService.submit(SameThreadHierarchicalTestExecutorService.java:35)
	at org.junit.platform.engine.support.hierarchical.HierarchicalTestExecutor.execute(HierarchicalTestExecutor.java:57)
	at org.junit.platform.engine.support.hierarchical.HierarchicalTestEngine.execute(HierarchicalTestEngine.java:54)
	at org.junit.platform.launcher.core.EngineExecutionOrchestrator.execute(EngineExecutionOrchestrator.java:198)
	at org.junit.platform.launcher.core.EngineExecutionOrchestrator.execute(EngineExecutionOrchestrator.java:169)
	at org.junit.platform.launcher.core.EngineExecutionOrchestrator.execute(EngineExecutionOrchestrator.java:93)
	at org.junit.platform.launcher.core.EngineExecutionOrchestrator.lambda$execute$0(EngineExecutionOrchestrator.java:58)
	at org.junit.platform.launcher.core.EngineExecutionOrchestrator.withInterceptedStreams(EngineExecutionOrchestrator.java:141)
	at org.junit.platform.launcher.core.EngineExecutionOrchestrator.execute(EngineExecutionOrchestrator.java:57)
	at org.junit.platform.launcher.core.DefaultLauncher.execute(DefaultLauncher.java:103)
	at org.junit.platform.launcher.core.DefaultLauncher.execute(DefaultLauncher.java:85)
	at org.junit.platform.launcher.core.DelegatingLauncher.execute(DelegatingLauncher.java:47)
	at org.apache.maven.surefire.junitplatform.LazyLauncher.execute(LazyLauncher.java:56)
	at org.apache.maven.surefire.junitplatform.JUnitPlatformProvider.execute(JUnitPlatformProvider.java:194)
	at org.apache.maven.surefire.junitplatform.JUnitPlatformProvider.invokeAllTests(JUnitPlatformProvider.java:150)
	at org.apache.maven.surefire.junitplatform.JUnitPlatformProvider.invoke(JUnitPlatformProvider.java:124)
	at org.apache.maven.surefire.booter.ForkedBooter.runSuitesInProcess(ForkedBooter.java:385)
	at org.apache.maven.surefire.booter.ForkedBooter.execute(ForkedBooter.java:162)
	at org.apache.maven.surefire.booter.ForkedBooter.run(ForkedBooter.java:507)
	at org.apache.maven.surefire.booter.ForkedBooter.main(ForkedBooter.java:495)
[INFO] Tests run: 15, Failures: 0, Errors: 0, Skipped: 0, Time elapsed: 0.133 s -- in org.apache.sling.cms.core.internal.models.AuthorizableWrapperImplTest
[INFO] Running org.apache.sling.cms.core.internal.operations.PropertyHintNodeNameGeneratorTest
[INFO] Tests run: 1, Failures: 0, Errors: 0, Skipped: 0, Time elapsed: 0 s -- in org.apache.sling.cms.core.internal.operations.PropertyHintNodeNameGeneratorTest
[INFO] Running org.apache.sling.cms.core.internal.IndexCreatorTest
[main] INFO org.apache.sling.cms.core.internal.IndexCreator - Initializing Sling CMS indexes
[main] INFO org.apache.sling.cms.core.internal.IndexCreator - ensureFolderIndex
[main] INFO org.apache.sling.cms.core.internal.IndexCreator - ensurentHierarchyNodeIndex
[main] INFO org.apache.sling.cms.core.internal.IndexCreator - ensureSlingComponentIndex
[main] INFO org.apache.sling.cms.core.internal.IndexCreator - ensureSlingEventJobIndex
[main] INFO org.apache.sling.cms.core.internal.IndexCreator - ensureSlingFileIndex
[main] INFO org.apache.sling.cms.core.internal.IndexCreator - ensureSlingPageIndex
[main] INFO org.apache.sling.cms.core.internal.IndexCreator - ensureSlingTaxonomyIndex
[main] INFO org.apache.sling.cms.core.internal.IndexCreator - Indexes initialized
[main] INFO org.apache.sling.cms.core.internal.IndexCreator - Initializing Sling CMS indexes
[main] INFO org.apache.sling.cms.core.internal.IndexCreator - ensureFolderIndex
[main] INFO org.apache.sling.cms.core.internal.IndexCreator - ensurentHierarchyNodeIndex
[main] INFO org.apache.sling.cms.core.internal.IndexCreator - ensureSlingComponentIndex
[main] INFO org.apache.sling.cms.core.internal.IndexCreator - ensureSlingEventJobIndex
[main] INFO org.apache.sling.cms.core.internal.IndexCreator - ensureSlingFileIndex
[main] INFO org.apache.sling.cms.core.internal.IndexCreator - ensureSlingPageIndex
[main] INFO org.apache.sling.cms.core.internal.IndexCreator - ensureSlingTaxonomyIndex
[main] INFO org.apache.sling.cms.core.internal.IndexCreator - Indexes initialized
[main] INFO org.apache.sling.cms.core.internal.IndexCreator - Initializing Sling CMS indexes
[main] INFO org.apache.sling.cms.core.internal.IndexCreator - ensureFolderIndex
[main] INFO org.apache.sling.cms.core.internal.IndexCreator - ensurentHierarchyNodeIndex
[main] INFO org.apache.sling.cms.core.internal.IndexCreator - ensureSlingComponentIndex
[main] INFO org.apache.sling.cms.core.internal.IndexCreator - ensureSlingEventJobIndex
[main] INFO org.apache.sling.cms.core.internal.IndexCreator - ensureSlingFileIndex
[main] INFO org.apache.sling.cms.core.internal.IndexCreator - ensureSlingPageIndex
[main] INFO org.apache.sling.cms.core.internal.IndexCreator - ensureSlingTaxonomyIndex
[main] INFO org.apache.sling.cms.core.internal.IndexCreator - Indexes initialized
[main] INFO org.apache.sling.cms.core.internal.IndexCreator - Initializing Sling CMS indexes
[main] INFO org.apache.sling.cms.core.internal.IndexCreator - ensureFolderIndex
[main] INFO org.apache.sling.cms.core.internal.IndexCreator - ensurentHierarchyNodeIndex
[main] INFO org.apache.sling.cms.core.internal.IndexCreator - ensureSlingComponentIndex
[main] INFO org.apache.sling.cms.core.internal.IndexCreator - ensureSlingEventJobIndex
[main] INFO org.apache.sling.cms.core.internal.IndexCreator - ensureSlingFileIndex
[main] INFO org.apache.sling.cms.core.internal.IndexCreator - ensureSlingPageIndex
[main] INFO org.apache.sling.cms.core.internal.IndexCreator - ensureSlingTaxonomyIndex
[main] INFO org.apache.sling.cms.core.internal.IndexCreator - Indexes initialized
[main] INFO org.apache.sling.cms.core.internal.IndexCreator - Initializing Sling CMS indexes
[main] INFO org.apache.sling.cms.core.internal.IndexCreator - ensureFolderIndex
[main] INFO org.apache.sling.cms.core.internal.IndexCreator - ensurentHierarchyNodeIndex
[main] INFO org.apache.sling.cms.core.internal.IndexCreator - ensureSlingComponentIndex
[main] INFO org.apache.sling.cms.core.internal.IndexCreator - ensureSlingEventJobIndex
[main] INFO org.apache.sling.cms.core.internal.IndexCreator - ensureSlingFileIndex
[main] INFO org.apache.sling.cms.core.internal.IndexCreator - ensureSlingPageIndex
[main] INFO org.apache.sling.cms.core.internal.IndexCreator - ensureSlingTaxonomyIndex
[main] INFO org.apache.sling.cms.core.internal.IndexCreator - Indexes initialized
[main] INFO org.apache.sling.cms.core.internal.IndexCreator - Initializing Sling CMS indexes
[main] INFO org.apache.sling.cms.core.internal.IndexCreator - ensureFolderIndex
[main] INFO org.apache.sling.cms.core.internal.IndexCreator - ensurentHierarchyNodeIndex
[main] INFO org.apache.sling.cms.core.internal.IndexCreator - ensureSlingComponentIndex
[main] INFO org.apache.sling.cms.core.internal.IndexCreator - ensureSlingEventJobIndex
[main] INFO org.apache.sling.cms.core.internal.IndexCreator - ensureSlingFileIndex
[main] INFO org.apache.sling.cms.core.internal.IndexCreator - ensureSlingPageIndex
[main] INFO org.apache.sling.cms.core.internal.IndexCreator - ensureSlingTaxonomyIndex
[main] INFO org.apache.sling.cms.core.internal.IndexCreator - Indexes initialized
[main] INFO org.apache.sling.cms.core.internal.IndexCreator - Initializing Sling CMS indexes
[main] INFO org.apache.sling.cms.core.internal.IndexCreator - ensureFolderIndex
[main] INFO org.apache.sling.cms.core.internal.IndexCreator - ensurentHierarchyNodeIndex
[main] INFO org.apache.sling.cms.core.internal.IndexCreator - ensureSlingComponentIndex
[main] INFO org.apache.sling.cms.core.internal.IndexCreator - ensureSlingEventJobIndex
[main] INFO org.apache.sling.cms.core.internal.IndexCreator - ensureSlingFileIndex
[main] INFO org.apache.sling.cms.core.internal.IndexCreator - ensureSlingPageIndex
[main] INFO org.apache.sling.cms.core.internal.IndexCreator - ensureSlingTaxonomyIndex
[main] INFO org.apache.sling.cms.core.internal.IndexCreator - Indexes initialized
[INFO] Tests run: 7, Failures: 0, Errors: 0, Skipped: 0, Time elapsed: 0.106 s -- in org.apache.sling.cms.core.internal.IndexCreatorTest
[INFO] Running org.apache.sling.cms.core.internal.preview.PreviewTokenManagerImplTest
[main] INFO org.reflections.Reflections - Reflections took 26 ms to scan 33 urls, producing 288 keys and 289 values
[ERROR] Tests run: 10, Failures: 0, Errors: 10, Skipped: 0, Time elapsed: 0.230 s <<< FAILURE! -- in org.apache.sling.cms.core.internal.preview.PreviewTokenManagerImplTest
[ERROR] org.apache.sling.cms.core.internal.preview.PreviewTokenManagerImplTest.testGeneratePreviewUrl -- Time elapsed: 0.001 s <<< ERROR!
java.lang.RuntimeException: Unable to invoke method 'activate' for class org.apache.sling.xss.impl.XSSAPIImpl
	at org.apache.sling.testing.mock.osgi.OsgiServiceUtil.invokeMethod(OsgiServiceUtil.java:391)
	at org.apache.sling.testing.mock.osgi.OsgiServiceUtil.lambda$invokeLifecycleMethod$0(OsgiServiceUtil.java:281)
	at org.apache.sling.testing.mock.osgi.OsgiServiceUtil.findAndInvokeNearestMethod(OsgiServiceUtil.java:153)
	at org.apache.sling.testing.mock.osgi.OsgiServiceUtil.invokeLifecycleMethod(OsgiServiceUtil.java:189)
	at org.apache.sling.testing.mock.osgi.OsgiServiceUtil.activateDeactivate(OsgiServiceUtil.java:100)
	at org.apache.sling.testing.mock.osgi.OsgiServiceUtil.activateInjectServices(OsgiServiceUtil.java:520)
	at org.apache.sling.testing.mock.osgi.MockOsgi.registerInjectActivateService(MockOsgi.java:299)
	at org.apache.sling.testing.mock.osgi.context.OsgiContextImpl.registerInjectActivateService(OsgiContextImpl.java:201)
	at org.apache.sling.testing.mock.osgi.context.OsgiContextImpl.registerInjectActivateService(OsgiContextImpl.java:188)
	at org.apache.sling.testing.mock.sling.context.SlingContextImpl.registerDefaultServices(SlingContextImpl.java:250)
	at org.apache.sling.testing.mock.sling.context.SlingContextImpl.setUp(SlingContextImpl.java:195)
	at org.apache.sling.testing.mock.sling.junit5.SlingContext.setUpContext(SlingContext.java:87)
	at org.apache.sling.testing.mock.sling.junit5.SlingContextExtension.postProcessTestInstance(SlingContextExtension.java:58)
	at java.base/java.util.stream.ReferencePipeline$3$1.accept(ReferencePipeline.java:197)
	at java.base/java.util.stream.ReferencePipeline$2$1.accept(ReferencePipeline.java:179)
	at java.base/java.util.ArrayList$ArrayListSpliterator.forEachRemaining(ArrayList.java:1708)
	at java.base/java.util.stream.AbstractPipeline.copyInto(AbstractPipeline.java:509)
	at java.base/java.util.stream.AbstractPipeline.wrapAndCopyInto(AbstractPipeline.java:499)
	at java.base/java.util.stream.StreamSpliterators$WrappingSpliterator.forEachRemaining(StreamSpliterators.java:310)
	at java.base/java.util.stream.Streams$ConcatSpliterator.forEachRemaining(Streams.java:735)
	at java.base/java.util.stream.Streams$ConcatSpliterator.forEachRemaining(Streams.java:734)
	at java.base/java.util.stream.ReferencePipeline$Head.forEach(ReferencePipeline.java:762)
	at java.base/java.util.Optional.orElseGet(Optional.java:364)
	at java.base/java.util.ArrayList.forEach(ArrayList.java:1596)
	at java.base/java.util.ArrayList.forEach(ArrayList.java:1596)
Caused by: java.util.ServiceConfigurationError: javax.json.spi.JsonProvider: org.apache.johnzon.core.JsonProviderImpl not a subtype
	at java.base/java.util.ServiceLoader.fail(ServiceLoader.java:593)
	at java.base/java.util.ServiceLoader$LazyClassPathLookupIterator.hasNextService(ServiceLoader.java:1244)
	at java.base/java.util.ServiceLoader$LazyClassPathLookupIterator.hasNext(ServiceLoader.java:1273)
	at java.base/java.util.ServiceLoader$2.hasNext(ServiceLoader.java:1309)
	at java.base/java.util.ServiceLoader$3.hasNext(ServiceLoader.java:1393)
	at javax.json.spi.JsonProvider.doLoadProvider(JsonProvider.java:110)
	at javax.json.spi.JsonProvider.provider(JsonProvider.java:89)
	at javax.json.Json.createReaderFactory(Json.java:93)
	at org.apache.sling.xss.impl.XSSAPIImpl.activate(XSSAPIImpl.java:85)
	at java.base/java.lang.reflect.Method.invoke(Method.java:580)
	at org.apache.sling.testing.mock.osgi.OsgiServiceUtil.invokeMethod(OsgiServiceUtil.java:376)
	... 24 more

[ERROR] org.apache.sling.cms.core.internal.preview.PreviewTokenManagerImplTest.testGenerateTokenWithNoExpiry -- Time elapsed: 0 s <<< ERROR!
java.lang.RuntimeException: Unable to invoke method 'activate' for class org.apache.sling.xss.impl.XSSAPIImpl
	at org.apache.sling.testing.mock.osgi.OsgiServiceUtil.invokeMethod(OsgiServiceUtil.java:391)
	at org.apache.sling.testing.mock.osgi.OsgiServiceUtil.lambda$invokeLifecycleMethod$0(OsgiServiceUtil.java:281)
	at org.apache.sling.testing.mock.osgi.OsgiServiceUtil.findAndInvokeNearestMethod(OsgiServiceUtil.java:153)
	at org.apache.sling.testing.mock.osgi.OsgiServiceUtil.invokeLifecycleMethod(OsgiServiceUtil.java:189)
	at org.apache.sling.testing.mock.osgi.OsgiServiceUtil.activateDeactivate(OsgiServiceUtil.java:100)
	at org.apache.sling.testing.mock.osgi.OsgiServiceUtil.activateInjectServices(OsgiServiceUtil.java:520)
	at org.apache.sling.testing.mock.osgi.MockOsgi.registerInjectActivateService(MockOsgi.java:299)
	at org.apache.sling.testing.mock.osgi.context.OsgiContextImpl.registerInjectActivateService(OsgiContextImpl.java:201)
	at org.apache.sling.testing.mock.osgi.context.OsgiContextImpl.registerInjectActivateService(OsgiContextImpl.java:188)
	at org.apache.sling.testing.mock.sling.context.SlingContextImpl.registerDefaultServices(SlingContextImpl.java:250)
	at org.apache.sling.testing.mock.sling.context.SlingContextImpl.setUp(SlingContextImpl.java:195)
	at org.apache.sling.testing.mock.sling.junit5.SlingContext.setUpContext(SlingContext.java:87)
	at org.apache.sling.testing.mock.sling.junit5.SlingContextExtension.postProcessTestInstance(SlingContextExtension.java:58)
	at java.base/java.util.stream.ReferencePipeline$3$1.accept(ReferencePipeline.java:197)
	at java.base/java.util.stream.ReferencePipeline$2$1.accept(ReferencePipeline.java:179)
	at java.base/java.util.ArrayList$ArrayListSpliterator.forEachRemaining(ArrayList.java:1708)
	at java.base/java.util.stream.AbstractPipeline.copyInto(AbstractPipeline.java:509)
	at java.base/java.util.stream.AbstractPipeline.wrapAndCopyInto(AbstractPipeline.java:499)
	at java.base/java.util.stream.StreamSpliterators$WrappingSpliterator.forEachRemaining(StreamSpliterators.java:310)
	at java.base/java.util.stream.Streams$ConcatSpliterator.forEachRemaining(Streams.java:735)
	at java.base/java.util.stream.Streams$ConcatSpliterator.forEachRemaining(Streams.java:734)
	at java.base/java.util.stream.ReferencePipeline$Head.forEach(ReferencePipeline.java:762)
	at java.base/java.util.Optional.orElseGet(Optional.java:364)
	at java.base/java.util.ArrayList.forEach(ArrayList.java:1596)
	at java.base/java.util.ArrayList.forEach(ArrayList.java:1596)
Caused by: java.util.ServiceConfigurationError: javax.json.spi.JsonProvider: org.apache.johnzon.core.JsonProviderImpl not a subtype
	at java.base/java.util.ServiceLoader.fail(ServiceLoader.java:593)
	at java.base/java.util.ServiceLoader$LazyClassPathLookupIterator.hasNextService(ServiceLoader.java:1244)
	at java.base/java.util.ServiceLoader$LazyClassPathLookupIterator.hasNext(ServiceLoader.java:1273)
	at java.base/java.util.ServiceLoader$2.hasNext(ServiceLoader.java:1309)
	at java.base/java.util.ServiceLoader$3.hasNext(ServiceLoader.java:1393)
	at javax.json.spi.JsonProvider.doLoadProvider(JsonProvider.java:110)
	at javax.json.spi.JsonProvider.provider(JsonProvider.java:89)
	at javax.json.Json.createReaderFactory(Json.java:93)
	at org.apache.sling.xss.impl.XSSAPIImpl.activate(XSSAPIImpl.java:85)
	at java.base/java.lang.reflect.Method.invoke(Method.java:580)
	at org.apache.sling.testing.mock.osgi.OsgiServiceUtil.invokeMethod(OsgiServiceUtil.java:376)
	... 24 more

[ERROR] org.apache.sling.cms.core.internal.preview.PreviewTokenManagerImplTest.testGetToken -- Time elapsed: 0.001 s <<< ERROR!
java.lang.RuntimeException: Unable to invoke method 'activate' for class org.apache.sling.xss.impl.XSSAPIImpl
	at org.apache.sling.testing.mock.osgi.OsgiServiceUtil.invokeMethod(OsgiServiceUtil.java:391)
	at org.apache.sling.testing.mock.osgi.OsgiServiceUtil.lambda$invokeLifecycleMethod$0(OsgiServiceUtil.java:281)
	at org.apache.sling.testing.mock.osgi.OsgiServiceUtil.findAndInvokeNearestMethod(OsgiServiceUtil.java:153)
	at org.apache.sling.testing.mock.osgi.OsgiServiceUtil.invokeLifecycleMethod(OsgiServiceUtil.java:189)
	at org.apache.sling.testing.mock.osgi.OsgiServiceUtil.activateDeactivate(OsgiServiceUtil.java:100)
	at org.apache.sling.testing.mock.osgi.OsgiServiceUtil.activateInjectServices(OsgiServiceUtil.java:520)
	at org.apache.sling.testing.mock.osgi.MockOsgi.registerInjectActivateService(MockOsgi.java:299)
	at org.apache.sling.testing.mock.osgi.context.OsgiContextImpl.registerInjectActivateService(OsgiContextImpl.java:201)
	at org.apache.sling.testing.mock.osgi.context.OsgiContextImpl.registerInjectActivateService(OsgiContextImpl.java:188)
	at org.apache.sling.testing.mock.sling.context.SlingContextImpl.registerDefaultServices(SlingContextImpl.java:250)
	at org.apache.sling.testing.mock.sling.context.SlingContextImpl.setUp(SlingContextImpl.java:195)
	at org.apache.sling.testing.mock.sling.junit5.SlingContext.setUpContext(SlingContext.java:87)
	at org.apache.sling.testing.mock.sling.junit5.SlingContextExtension.postProcessTestInstance(SlingContextExtension.java:58)
	at java.base/java.util.stream.ReferencePipeline$3$1.accept(ReferencePipeline.java:197)
	at java.base/java.util.stream.ReferencePipeline$2$1.accept(ReferencePipeline.java:179)
	at java.base/java.util.ArrayList$ArrayListSpliterator.forEachRemaining(ArrayList.java:1708)
	at java.base/java.util.stream.AbstractPipeline.copyInto(AbstractPipeline.java:509)
	at java.base/java.util.stream.AbstractPipeline.wrapAndCopyInto(AbstractPipeline.java:499)
	at java.base/java.util.stream.StreamSpliterators$WrappingSpliterator.forEachRemaining(StreamSpliterators.java:310)
	at java.base/java.util.stream.Streams$ConcatSpliterator.forEachRemaining(Streams.java:735)
	at java.base/java.util.stream.Streams$ConcatSpliterator.forEachRemaining(Streams.java:734)
	at java.base/java.util.stream.ReferencePipeline$Head.forEach(ReferencePipeline.java:762)
	at java.base/java.util.Optional.orElseGet(Optional.java:364)
	at java.base/java.util.ArrayList.forEach(ArrayList.java:1596)
	at java.base/java.util.ArrayList.forEach(ArrayList.java:1596)
Caused by: java.util.ServiceConfigurationError: javax.json.spi.JsonProvider: org.apache.johnzon.core.JsonProviderImpl not a subtype
	at java.base/java.util.ServiceLoader.fail(ServiceLoader.java:593)
	at java.base/java.util.ServiceLoader$LazyClassPathLookupIterator.hasNextService(ServiceLoader.java:1244)
	at java.base/java.util.ServiceLoader$LazyClassPathLookupIterator.hasNext(ServiceLoader.java:1273)
	at java.base/java.util.ServiceLoader$2.hasNext(ServiceLoader.java:1309)
	at java.base/java.util.ServiceLoader$3.hasNext(ServiceLoader.java:1393)
	at javax.json.spi.JsonProvider.doLoadProvider(JsonProvider.java:110)
	at javax.json.spi.JsonProvider.provider(JsonProvider.java:89)
	at javax.json.Json.createReaderFactory(Json.java:93)
	at org.apache.sling.xss.impl.XSSAPIImpl.activate(XSSAPIImpl.java:85)
	at java.base/java.lang.reflect.Method.invoke(Method.java:580)
	at org.apache.sling.testing.mock.osgi.OsgiServiceUtil.invokeMethod(OsgiServiceUtil.java:376)
	... 24 more

[ERROR] org.apache.sling.cms.core.internal.preview.PreviewTokenManagerImplTest.testRevokeToken -- Time elapsed: 0.001 s <<< ERROR!
java.lang.RuntimeException: Unable to invoke method 'activate' for class org.apache.sling.xss.impl.XSSAPIImpl
	at org.apache.sling.testing.mock.osgi.OsgiServiceUtil.invokeMethod(OsgiServiceUtil.java:391)
	at org.apache.sling.testing.mock.osgi.OsgiServiceUtil.lambda$invokeLifecycleMethod$0(OsgiServiceUtil.java:281)
	at org.apache.sling.testing.mock.osgi.OsgiServiceUtil.findAndInvokeNearestMethod(OsgiServiceUtil.java:153)
	at org.apache.sling.testing.mock.osgi.OsgiServiceUtil.invokeLifecycleMethod(OsgiServiceUtil.java:189)
	at org.apache.sling.testing.mock.osgi.OsgiServiceUtil.activateDeactivate(OsgiServiceUtil.java:100)
	at org.apache.sling.testing.mock.osgi.OsgiServiceUtil.activateInjectServices(OsgiServiceUtil.java:520)
	at org.apache.sling.testing.mock.osgi.MockOsgi.registerInjectActivateService(MockOsgi.java:299)
	at org.apache.sling.testing.mock.osgi.context.OsgiContextImpl.registerInjectActivateService(OsgiContextImpl.java:201)
	at org.apache.sling.testing.mock.osgi.context.OsgiContextImpl.registerInjectActivateService(OsgiContextImpl.java:188)
	at org.apache.sling.testing.mock.sling.context.SlingContextImpl.registerDefaultServices(SlingContextImpl.java:250)
	at org.apache.sling.testing.mock.sling.context.SlingContextImpl.setUp(SlingContextImpl.java:195)
	at org.apache.sling.testing.mock.sling.junit5.SlingContext.setUpContext(SlingContext.java:87)
	at org.apache.sling.testing.mock.sling.junit5.SlingContextExtension.postProcessTestInstance(SlingContextExtension.java:58)
	at java.base/java.util.stream.ReferencePipeline$3$1.accept(ReferencePipeline.java:197)
	at java.base/java.util.stream.ReferencePipeline$2$1.accept(ReferencePipeline.java:179)
	at java.base/java.util.ArrayList$ArrayListSpliterator.forEachRemaining(ArrayList.java:1708)
	at java.base/java.util.stream.AbstractPipeline.copyInto(AbstractPipeline.java:509)
	at java.base/java.util.stream.AbstractPipeline.wrapAndCopyInto(AbstractPipeline.java:499)
	at java.base/java.util.stream.StreamSpliterators$WrappingSpliterator.forEachRemaining(StreamSpliterators.java:310)
	at java.base/java.util.stream.Streams$ConcatSpliterator.forEachRemaining(Streams.java:735)
	at java.base/java.util.stream.Streams$ConcatSpliterator.forEachRemaining(Streams.java:734)
	at java.base/java.util.stream.ReferencePipeline$Head.forEach(ReferencePipeline.java:762)
	at java.base/java.util.Optional.orElseGet(Optional.java:364)
	at java.base/java.util.ArrayList.forEach(ArrayList.java:1596)
	at java.base/java.util.ArrayList.forEach(ArrayList.java:1596)
Caused by: java.util.ServiceConfigurationError: javax.json.spi.JsonProvider: org.apache.johnzon.core.JsonProviderImpl not a subtype
	at java.base/java.util.ServiceLoader.fail(ServiceLoader.java:593)
	at java.base/java.util.ServiceLoader$LazyClassPathLookupIterator.hasNextService(ServiceLoader.java:1244)
	at java.base/java.util.ServiceLoader$LazyClassPathLookupIterator.hasNext(ServiceLoader.java:1273)
	at java.base/java.util.ServiceLoader$2.hasNext(ServiceLoader.java:1309)
	at java.base/java.util.ServiceLoader$3.hasNext(ServiceLoader.java:1393)
	at javax.json.spi.JsonProvider.doLoadProvider(JsonProvider.java:110)
	at javax.json.spi.JsonProvider.provider(JsonProvider.java:89)
	at javax.json.Json.createReaderFactory(Json.java:93)
	at org.apache.sling.xss.impl.XSSAPIImpl.activate(XSSAPIImpl.java:85)
	at java.base/java.lang.reflect.Method.invoke(Method.java:580)
	at org.apache.sling.testing.mock.osgi.OsgiServiceUtil.invokeMethod(OsgiServiceUtil.java:376)
	... 24 more

[ERROR] org.apache.sling.cms.core.internal.preview.PreviewTokenManagerImplTest.testTokenPersistence -- Time elapsed: 0.001 s <<< ERROR!
java.lang.RuntimeException: Unable to invoke method 'activate' for class org.apache.sling.xss.impl.XSSAPIImpl
	at org.apache.sling.testing.mock.osgi.OsgiServiceUtil.invokeMethod(OsgiServiceUtil.java:391)
	at org.apache.sling.testing.mock.osgi.OsgiServiceUtil.lambda$invokeLifecycleMethod$0(OsgiServiceUtil.java:281)
	at org.apache.sling.testing.mock.osgi.OsgiServiceUtil.findAndInvokeNearestMethod(OsgiServiceUtil.java:153)
	at org.apache.sling.testing.mock.osgi.OsgiServiceUtil.invokeLifecycleMethod(OsgiServiceUtil.java:189)
	at org.apache.sling.testing.mock.osgi.OsgiServiceUtil.activateDeactivate(OsgiServiceUtil.java:100)
	at org.apache.sling.testing.mock.osgi.OsgiServiceUtil.activateInjectServices(OsgiServiceUtil.java:520)
	at org.apache.sling.testing.mock.osgi.MockOsgi.registerInjectActivateService(MockOsgi.java:299)
	at org.apache.sling.testing.mock.osgi.context.OsgiContextImpl.registerInjectActivateService(OsgiContextImpl.java:201)
	at org.apache.sling.testing.mock.osgi.context.OsgiContextImpl.registerInjectActivateService(OsgiContextImpl.java:188)
	at org.apache.sling.testing.mock.sling.context.SlingContextImpl.registerDefaultServices(SlingContextImpl.java:250)
	at org.apache.sling.testing.mock.sling.context.SlingContextImpl.setUp(SlingContextImpl.java:195)
	at org.apache.sling.testing.mock.sling.junit5.SlingContext.setUpContext(SlingContext.java:87)
	at org.apache.sling.testing.mock.sling.junit5.SlingContextExtension.postProcessTestInstance(SlingContextExtension.java:58)
	at java.base/java.util.stream.ReferencePipeline$3$1.accept(ReferencePipeline.java:197)
	at java.base/java.util.stream.ReferencePipeline$2$1.accept(ReferencePipeline.java:179)
	at java.base/java.util.ArrayList$ArrayListSpliterator.forEachRemaining(ArrayList.java:1708)
	at java.base/java.util.stream.AbstractPipeline.copyInto(AbstractPipeline.java:509)
	at java.base/java.util.stream.AbstractPipeline.wrapAndCopyInto(AbstractPipeline.java:499)
	at java.base/java.util.stream.StreamSpliterators$WrappingSpliterator.forEachRemaining(StreamSpliterators.java:310)
	at java.base/java.util.stream.Streams$ConcatSpliterator.forEachRemaining(Streams.java:735)
	at java.base/java.util.stream.Streams$ConcatSpliterator.forEachRemaining(Streams.java:734)
	at java.base/java.util.stream.ReferencePipeline$Head.forEach(ReferencePipeline.java:762)
	at java.base/java.util.Optional.orElseGet(Optional.java:364)
	at java.base/java.util.ArrayList.forEach(ArrayList.java:1596)
	at java.base/java.util.ArrayList.forEach(ArrayList.java:1596)
Caused by: java.util.ServiceConfigurationError: javax.json.spi.JsonProvider: org.apache.johnzon.core.JsonProviderImpl not a subtype
	at java.base/java.util.ServiceLoader.fail(ServiceLoader.java:593)
	at java.base/java.util.ServiceLoader$LazyClassPathLookupIterator.hasNextService(ServiceLoader.java:1244)
	at java.base/java.util.ServiceLoader$LazyClassPathLookupIterator.hasNext(ServiceLoader.java:1273)
	at java.base/java.util.ServiceLoader$2.hasNext(ServiceLoader.java:1309)
	at java.base/java.util.ServiceLoader$3.hasNext(ServiceLoader.java:1393)
	at javax.json.spi.JsonProvider.doLoadProvider(JsonProvider.java:110)
	at javax.json.spi.JsonProvider.provider(JsonProvider.java:89)
	at javax.json.Json.createReaderFactory(Json.java:93)
	at org.apache.sling.xss.impl.XSSAPIImpl.activate(XSSAPIImpl.java:85)
	at java.base/java.lang.reflect.Method.invoke(Method.java:580)
	at org.apache.sling.testing.mock.osgi.OsgiServiceUtil.invokeMethod(OsgiServiceUtil.java:376)
	... 24 more

[ERROR] org.apache.sling.cms.core.internal.preview.PreviewTokenManagerImplTest.testGenerateToken -- Time elapsed: 0 s <<< ERROR!
java.lang.RuntimeException: Unable to invoke method 'activate' for class org.apache.sling.xss.impl.XSSAPIImpl
	at org.apache.sling.testing.mock.osgi.OsgiServiceUtil.invokeMethod(OsgiServiceUtil.java:391)
	at org.apache.sling.testing.mock.osgi.OsgiServiceUtil.lambda$invokeLifecycleMethod$0(OsgiServiceUtil.java:281)
	at org.apache.sling.testing.mock.osgi.OsgiServiceUtil.findAndInvokeNearestMethod(OsgiServiceUtil.java:153)
	at org.apache.sling.testing.mock.osgi.OsgiServiceUtil.invokeLifecycleMethod(OsgiServiceUtil.java:189)
	at org.apache.sling.testing.mock.osgi.OsgiServiceUtil.activateDeactivate(OsgiServiceUtil.java:100)
	at org.apache.sling.testing.mock.osgi.OsgiServiceUtil.activateInjectServices(OsgiServiceUtil.java:520)
	at org.apache.sling.testing.mock.osgi.MockOsgi.registerInjectActivateService(MockOsgi.java:299)
	at org.apache.sling.testing.mock.osgi.context.OsgiContextImpl.registerInjectActivateService(OsgiContextImpl.java:201)
	at org.apache.sling.testing.mock.osgi.context.OsgiContextImpl.registerInjectActivateService(OsgiContextImpl.java:188)
	at org.apache.sling.testing.mock.sling.context.SlingContextImpl.registerDefaultServices(SlingContextImpl.java:250)
	at org.apache.sling.testing.mock.sling.context.SlingContextImpl.setUp(SlingContextImpl.java:195)
	at org.apache.sling.testing.mock.sling.junit5.SlingContext.setUpContext(SlingContext.java:87)
	at org.apache.sling.testing.mock.sling.junit5.SlingContextExtension.postProcessTestInstance(SlingContextExtension.java:58)
	at java.base/java.util.stream.ReferencePipeline$3$1.accept(ReferencePipeline.java:197)
	at java.base/java.util.stream.ReferencePipeline$2$1.accept(ReferencePipeline.java:179)
	at java.base/java.util.ArrayList$ArrayListSpliterator.forEachRemaining(ArrayList.java:1708)
	at java.base/java.util.stream.AbstractPipeline.copyInto(AbstractPipeline.java:509)
	at java.base/java.util.stream.AbstractPipeline.wrapAndCopyInto(AbstractPipeline.java:499)
	at java.base/java.util.stream.StreamSpliterators$WrappingSpliterator.forEachRemaining(StreamSpliterators.java:310)
	at java.base/java.util.stream.Streams$ConcatSpliterator.forEachRemaining(Streams.java:735)
	at java.base/java.util.stream.Streams$ConcatSpliterator.forEachRemaining(Streams.java:734)
	at java.base/java.util.stream.ReferencePipeline$Head.forEach(ReferencePipeline.java:762)
	at java.base/java.util.Optional.orElseGet(Optional.java:364)
	at java.base/java.util.ArrayList.forEach(ArrayList.java:1596)
	at java.base/java.util.ArrayList.forEach(ArrayList.java:1596)
Caused by: java.util.ServiceConfigurationError: javax.json.spi.JsonProvider: org.apache.johnzon.core.JsonProviderImpl not a subtype
	at java.base/java.util.ServiceLoader.fail(ServiceLoader.java:593)
	at java.base/java.util.ServiceLoader$LazyClassPathLookupIterator.hasNextService(ServiceLoader.java:1244)
	at java.base/java.util.ServiceLoader$LazyClassPathLookupIterator.hasNext(ServiceLoader.java:1273)
	at java.base/java.util.ServiceLoader$2.hasNext(ServiceLoader.java:1309)
	at java.base/java.util.ServiceLoader$3.hasNext(ServiceLoader.java:1393)
	at javax.json.spi.JsonProvider.doLoadProvider(JsonProvider.java:110)
	at javax.json.spi.JsonProvider.provider(JsonProvider.java:89)
	at javax.json.Json.createReaderFactory(Json.java:93)
	at org.apache.sling.xss.impl.XSSAPIImpl.activate(XSSAPIImpl.java:85)
	at java.base/java.lang.reflect.Method.invoke(Method.java:580)
	at org.apache.sling.testing.mock.osgi.OsgiServiceUtil.invokeMethod(OsgiServiceUtil.java:376)
	... 24 more

[ERROR] org.apache.sling.cms.core.internal.preview.PreviewTokenManagerImplTest.testValidateInvalidToken -- Time elapsed: 0 s <<< ERROR!
java.lang.RuntimeException: Unable to invoke method 'activate' for class org.apache.sling.xss.impl.XSSAPIImpl
	at org.apache.sling.testing.mock.osgi.OsgiServiceUtil.invokeMethod(OsgiServiceUtil.java:391)
	at org.apache.sling.testing.mock.osgi.OsgiServiceUtil.lambda$invokeLifecycleMethod$0(OsgiServiceUtil.java:281)
	at org.apache.sling.testing.mock.osgi.OsgiServiceUtil.findAndInvokeNearestMethod(OsgiServiceUtil.java:153)
	at org.apache.sling.testing.mock.osgi.OsgiServiceUtil.invokeLifecycleMethod(OsgiServiceUtil.java:189)
	at org.apache.sling.testing.mock.osgi.OsgiServiceUtil.activateDeactivate(OsgiServiceUtil.java:100)
	at org.apache.sling.testing.mock.osgi.OsgiServiceUtil.activateInjectServices(OsgiServiceUtil.java:520)
	at org.apache.sling.testing.mock.osgi.MockOsgi.registerInjectActivateService(MockOsgi.java:299)
	at org.apache.sling.testing.mock.osgi.context.OsgiContextImpl.registerInjectActivateService(OsgiContextImpl.java:201)
	at org.apache.sling.testing.mock.osgi.context.OsgiContextImpl.registerInjectActivateService(OsgiContextImpl.java:188)
	at org.apache.sling.testing.mock.sling.context.SlingContextImpl.registerDefaultServices(SlingContextImpl.java:250)
	at org.apache.sling.testing.mock.sling.context.SlingContextImpl.setUp(SlingContextImpl.java:195)
	at org.apache.sling.testing.mock.sling.junit5.SlingContext.setUpContext(SlingContext.java:87)
	at org.apache.sling.testing.mock.sling.junit5.SlingContextExtension.postProcessTestInstance(SlingContextExtension.java:58)
	at java.base/java.util.stream.ReferencePipeline$3$1.accept(ReferencePipeline.java:197)
	at java.base/java.util.stream.ReferencePipeline$2$1.accept(ReferencePipeline.java:179)
	at java.base/java.util.ArrayList$ArrayListSpliterator.forEachRemaining(ArrayList.java:1708)
	at java.base/java.util.stream.AbstractPipeline.copyInto(AbstractPipeline.java:509)
	at java.base/java.util.stream.AbstractPipeline.wrapAndCopyInto(AbstractPipeline.java:499)
	at java.base/java.util.stream.StreamSpliterators$WrappingSpliterator.forEachRemaining(StreamSpliterators.java:310)
	at java.base/java.util.stream.Streams$ConcatSpliterator.forEachRemaining(Streams.java:735)
	at java.base/java.util.stream.Streams$ConcatSpliterator.forEachRemaining(Streams.java:734)
	at java.base/java.util.stream.ReferencePipeline$Head.forEach(ReferencePipeline.java:762)
	at java.base/java.util.Optional.orElseGet(Optional.java:364)
	at java.base/java.util.ArrayList.forEach(ArrayList.java:1596)
	at java.base/java.util.ArrayList.forEach(ArrayList.java:1596)
Caused by: java.util.ServiceConfigurationError: javax.json.spi.JsonProvider: org.apache.johnzon.core.JsonProviderImpl not a subtype
	at java.base/java.util.ServiceLoader.fail(ServiceLoader.java:593)
	at java.base/java.util.ServiceLoader$LazyClassPathLookupIterator.hasNextService(ServiceLoader.java:1244)
	at java.base/java.util.ServiceLoader$LazyClassPathLookupIterator.hasNext(ServiceLoader.java:1273)
	at java.base/java.util.ServiceLoader$2.hasNext(ServiceLoader.java:1309)
	at java.base/java.util.ServiceLoader$3.hasNext(ServiceLoader.java:1393)
	at javax.json.spi.JsonProvider.doLoadProvider(JsonProvider.java:110)
	at javax.json.spi.JsonProvider.provider(JsonProvider.java:89)
	at javax.json.Json.createReaderFactory(Json.java:93)
	at org.apache.sling.xss.impl.XSSAPIImpl.activate(XSSAPIImpl.java:85)
	at java.base/java.lang.reflect.Method.invoke(Method.java:580)
	at org.apache.sling.testing.mock.osgi.OsgiServiceUtil.invokeMethod(OsgiServiceUtil.java:376)
	... 24 more

[ERROR] org.apache.sling.cms.core.internal.preview.PreviewTokenManagerImplTest.testValidateToken -- Time elapsed: 0 s <<< ERROR!
java.lang.RuntimeException: Unable to invoke method 'activate' for class org.apache.sling.xss.impl.XSSAPIImpl
	at org.apache.sling.testing.mock.osgi.OsgiServiceUtil.invokeMethod(OsgiServiceUtil.java:391)
	at org.apache.sling.testing.mock.osgi.OsgiServiceUtil.lambda$invokeLifecycleMethod$0(OsgiServiceUtil.java:281)
	at org.apache.sling.testing.mock.osgi.OsgiServiceUtil.findAndInvokeNearestMethod(OsgiServiceUtil.java:153)
	at org.apache.sling.testing.mock.osgi.OsgiServiceUtil.invokeLifecycleMethod(OsgiServiceUtil.java:189)
	at org.apache.sling.testing.mock.osgi.OsgiServiceUtil.activateDeactivate(OsgiServiceUtil.java:100)
	at org.apache.sling.testing.mock.osgi.OsgiServiceUtil.activateInjectServices(OsgiServiceUtil.java:520)
	at org.apache.sling.testing.mock.osgi.MockOsgi.registerInjectActivateService(MockOsgi.java:299)
	at org.apache.sling.testing.mock.osgi.context.OsgiContextImpl.registerInjectActivateService(OsgiContextImpl.java:201)
	at org.apache.sling.testing.mock.osgi.context.OsgiContextImpl.registerInjectActivateService(OsgiContextImpl.java:188)
	at org.apache.sling.testing.mock.sling.context.SlingContextImpl.registerDefaultServices(SlingContextImpl.java:250)
	at org.apache.sling.testing.mock.sling.context.SlingContextImpl.setUp(SlingContextImpl.java:195)
	at org.apache.sling.testing.mock.sling.junit5.SlingContext.setUpContext(SlingContext.java:87)
	at org.apache.sling.testing.mock.sling.junit5.SlingContextExtension.postProcessTestInstance(SlingContextExtension.java:58)
	at java.base/java.util.stream.ReferencePipeline$3$1.accept(ReferencePipeline.java:197)
	at java.base/java.util.stream.ReferencePipeline$2$1.accept(ReferencePipeline.java:179)
	at java.base/java.util.ArrayList$ArrayListSpliterator.forEachRemaining(ArrayList.java:1708)
	at java.base/java.util.stream.AbstractPipeline.copyInto(AbstractPipeline.java:509)
	at java.base/java.util.stream.AbstractPipeline.wrapAndCopyInto(AbstractPipeline.java:499)
	at java.base/java.util.stream.StreamSpliterators$WrappingSpliterator.forEachRemaining(StreamSpliterators.java:310)
	at java.base/java.util.stream.Streams$ConcatSpliterator.forEachRemaining(Streams.java:735)
	at java.base/java.util.stream.Streams$ConcatSpliterator.forEachRemaining(Streams.java:734)
	at java.base/java.util.stream.ReferencePipeline$Head.forEach(ReferencePipeline.java:762)
	at java.base/java.util.Optional.orElseGet(Optional.java:364)
	at java.base/java.util.ArrayList.forEach(ArrayList.java:1596)
	at java.base/java.util.ArrayList.forEach(ArrayList.java:1596)
Caused by: java.util.ServiceConfigurationError: javax.json.spi.JsonProvider: org.apache.johnzon.core.JsonProviderImpl not a subtype
	at java.base/java.util.ServiceLoader.fail(ServiceLoader.java:593)
	at java.base/java.util.ServiceLoader$LazyClassPathLookupIterator.hasNextService(ServiceLoader.java:1244)
	at java.base/java.util.ServiceLoader$LazyClassPathLookupIterator.hasNext(ServiceLoader.java:1273)
	at java.base/java.util.ServiceLoader$2.hasNext(ServiceLoader.java:1309)
	at java.base/java.util.ServiceLoader$3.hasNext(ServiceLoader.java:1393)
	at javax.json.spi.JsonProvider.doLoadProvider(JsonProvider.java:110)
	at javax.json.spi.JsonProvider.provider(JsonProvider.java:89)
	at javax.json.Json.createReaderFactory(Json.java:93)
	at org.apache.sling.xss.impl.XSSAPIImpl.activate(XSSAPIImpl.java:85)
	at java.base/java.lang.reflect.Method.invoke(Method.java:580)
	at org.apache.sling.testing.mock.osgi.OsgiServiceUtil.invokeMethod(OsgiServiceUtil.java:376)
	... 24 more

[ERROR] org.apache.sling.cms.core.internal.preview.PreviewTokenManagerImplTest.testValidateExpiredToken -- Time elapsed: 0 s <<< ERROR!
java.lang.RuntimeException: Unable to invoke method 'activate' for class org.apache.sling.xss.impl.XSSAPIImpl
	at org.apache.sling.testing.mock.osgi.OsgiServiceUtil.invokeMethod(OsgiServiceUtil.java:391)
	at org.apache.sling.testing.mock.osgi.OsgiServiceUtil.lambda$invokeLifecycleMethod$0(OsgiServiceUtil.java:281)
	at org.apache.sling.testing.mock.osgi.OsgiServiceUtil.findAndInvokeNearestMethod(OsgiServiceUtil.java:153)
	at org.apache.sling.testing.mock.osgi.OsgiServiceUtil.invokeLifecycleMethod(OsgiServiceUtil.java:189)
	at org.apache.sling.testing.mock.osgi.OsgiServiceUtil.activateDeactivate(OsgiServiceUtil.java:100)
	at org.apache.sling.testing.mock.osgi.OsgiServiceUtil.activateInjectServices(OsgiServiceUtil.java:520)
	at org.apache.sling.testing.mock.osgi.MockOsgi.registerInjectActivateService(MockOsgi.java:299)
	at org.apache.sling.testing.mock.osgi.context.OsgiContextImpl.registerInjectActivateService(OsgiContextImpl.java:201)
	at org.apache.sling.testing.mock.osgi.context.OsgiContextImpl.registerInjectActivateService(OsgiContextImpl.java:188)
	at org.apache.sling.testing.mock.sling.context.SlingContextImpl.registerDefaultServices(SlingContextImpl.java:250)
	at org.apache.sling.testing.mock.sling.context.SlingContextImpl.setUp(SlingContextImpl.java:195)
	at org.apache.sling.testing.mock.sling.junit5.SlingContext.setUpContext(SlingContext.java:87)
	at org.apache.sling.testing.mock.sling.junit5.SlingContextExtension.postProcessTestInstance(SlingContextExtension.java:58)
	at java.base/java.util.stream.ReferencePipeline$3$1.accept(ReferencePipeline.java:197)
	at java.base/java.util.stream.ReferencePipeline$2$1.accept(ReferencePipeline.java:179)
	at java.base/java.util.ArrayList$ArrayListSpliterator.forEachRemaining(ArrayList.java:1708)
	at java.base/java.util.stream.AbstractPipeline.copyInto(AbstractPipeline.java:509)
	at java.base/java.util.stream.AbstractPipeline.wrapAndCopyInto(AbstractPipeline.java:499)
	at java.base/java.util.stream.StreamSpliterators$WrappingSpliterator.forEachRemaining(StreamSpliterators.java:310)
	at java.base/java.util.stream.Streams$ConcatSpliterator.forEachRemaining(Streams.java:735)
	at java.base/java.util.stream.Streams$ConcatSpliterator.forEachRemaining(Streams.java:734)
	at java.base/java.util.stream.ReferencePipeline$Head.forEach(ReferencePipeline.java:762)
	at java.base/java.util.Optional.orElseGet(Optional.java:364)
	at java.base/java.util.ArrayList.forEach(ArrayList.java:1596)
	at java.base/java.util.ArrayList.forEach(ArrayList.java:1596)
Caused by: java.util.ServiceConfigurationError: javax.json.spi.JsonProvider: org.apache.johnzon.core.JsonProviderImpl not a subtype
	at java.base/java.util.ServiceLoader.fail(ServiceLoader.java:593)
	at java.base/java.util.ServiceLoader$LazyClassPathLookupIterator.hasNextService(ServiceLoader.java:1244)
	at java.base/java.util.ServiceLoader$LazyClassPathLookupIterator.hasNext(ServiceLoader.java:1273)
	at java.base/java.util.ServiceLoader$2.hasNext(ServiceLoader.java:1309)
	at java.base/java.util.ServiceLoader$3.hasNext(ServiceLoader.java:1393)
	at javax.json.spi.JsonProvider.doLoadProvider(JsonProvider.java:110)
	at javax.json.spi.JsonProvider.provider(JsonProvider.java:89)
	at javax.json.Json.createReaderFactory(Json.java:93)
	at org.apache.sling.xss.impl.XSSAPIImpl.activate(XSSAPIImpl.java:85)
	at java.base/java.lang.reflect.Method.invoke(Method.java:580)
	at org.apache.sling.testing.mock.osgi.OsgiServiceUtil.invokeMethod(OsgiServiceUtil.java:376)
	... 24 more

[ERROR] org.apache.sling.cms.core.internal.preview.PreviewTokenManagerImplTest.testGetTokenWhenNoneExists -- Time elapsed: 0 s <<< ERROR!
java.lang.RuntimeException: Unable to invoke method 'activate' for class org.apache.sling.xss.impl.XSSAPIImpl
	at org.apache.sling.testing.mock.osgi.OsgiServiceUtil.invokeMethod(OsgiServiceUtil.java:391)
	at org.apache.sling.testing.mock.osgi.OsgiServiceUtil.lambda$invokeLifecycleMethod$0(OsgiServiceUtil.java:281)
	at org.apache.sling.testing.mock.osgi.OsgiServiceUtil.findAndInvokeNearestMethod(OsgiServiceUtil.java:153)
	at org.apache.sling.testing.mock.osgi.OsgiServiceUtil.invokeLifecycleMethod(OsgiServiceUtil.java:189)
	at org.apache.sling.testing.mock.osgi.OsgiServiceUtil.activateDeactivate(OsgiServiceUtil.java:100)
	at org.apache.sling.testing.mock.osgi.OsgiServiceUtil.activateInjectServices(OsgiServiceUtil.java:520)
	at org.apache.sling.testing.mock.osgi.MockOsgi.registerInjectActivateService(MockOsgi.java:299)
	at org.apache.sling.testing.mock.osgi.context.OsgiContextImpl.registerInjectActivateService(OsgiContextImpl.java:201)
	at org.apache.sling.testing.mock.osgi.context.OsgiContextImpl.registerInjectActivateService(OsgiContextImpl.java:188)
	at org.apache.sling.testing.mock.sling.context.SlingContextImpl.registerDefaultServices(SlingContextImpl.java:250)
	at org.apache.sling.testing.mock.sling.context.SlingContextImpl.setUp(SlingContextImpl.java:195)
	at org.apache.sling.testing.mock.sling.junit5.SlingContext.setUpContext(SlingContext.java:87)
	at org.apache.sling.testing.mock.sling.junit5.SlingContextExtension.postProcessTestInstance(SlingContextExtension.java:58)
	at java.base/java.util.stream.ReferencePipeline$3$1.accept(ReferencePipeline.java:197)
	at java.base/java.util.stream.ReferencePipeline$2$1.accept(ReferencePipeline.java:179)
	at java.base/java.util.ArrayList$ArrayListSpliterator.forEachRemaining(ArrayList.java:1708)
	at java.base/java.util.stream.AbstractPipeline.copyInto(AbstractPipeline.java:509)
	at java.base/java.util.stream.AbstractPipeline.wrapAndCopyInto(AbstractPipeline.java:499)
	at java.base/java.util.stream.StreamSpliterators$WrappingSpliterator.forEachRemaining(StreamSpliterators.java:310)
	at java.base/java.util.stream.Streams$ConcatSpliterator.forEachRemaining(Streams.java:735)
	at java.base/java.util.stream.Streams$ConcatSpliterator.forEachRemaining(Streams.java:734)
	at java.base/java.util.stream.ReferencePipeline$Head.forEach(ReferencePipeline.java:762)
	at java.base/java.util.Optional.orElseGet(Optional.java:364)
	at java.base/java.util.ArrayList.forEach(ArrayList.java:1596)
	at java.base/java.util.ArrayList.forEach(ArrayList.java:1596)
Caused by: java.util.ServiceConfigurationError: javax.json.spi.JsonProvider: org.apache.johnzon.core.JsonProviderImpl not a subtype
	at java.base/java.util.ServiceLoader.fail(ServiceLoader.java:593)
	at java.base/java.util.ServiceLoader$LazyClassPathLookupIterator.hasNextService(ServiceLoader.java:1244)
	at java.base/java.util.ServiceLoader$LazyClassPathLookupIterator.hasNext(ServiceLoader.java:1273)
	at java.base/java.util.ServiceLoader$2.hasNext(ServiceLoader.java:1309)
	at java.base/java.util.ServiceLoader$3.hasNext(ServiceLoader.java:1393)
	at javax.json.spi.JsonProvider.doLoadProvider(JsonProvider.java:110)
	at javax.json.spi.JsonProvider.provider(JsonProvider.java:89)
	at javax.json.Json.createReaderFactory(Json.java:93)
	at org.apache.sling.xss.impl.XSSAPIImpl.activate(XSSAPIImpl.java:85)
	at java.base/java.lang.reflect.Method.invoke(Method.java:580)
	at org.apache.sling.testing.mock.osgi.OsgiServiceUtil.invokeMethod(OsgiServiceUtil.java:376)
	... 24 more

[INFO] Running org.apache.sling.cms.core.internal.preview.PreviewTokenImplTest
[INFO] Tests run: 7, Failures: 0, Errors: 0, Skipped: 0, Time elapsed: 0.004 s -- in org.apache.sling.cms.core.internal.preview.PreviewTokenImplTest
[INFO] Running org.apache.sling.cms.core.internal.CommonUtilsTest
[INFO] Tests run: 1, Failures: 0, Errors: 0, Skipped: 0, Time elapsed: 0.001 s -- in org.apache.sling.cms.core.internal.CommonUtilsTest
[INFO] Running org.apache.sling.cms.core.internal.FileMetadataExtractorImplTest
[main] INFO org.apache.sling.cms.core.internal.enrichers.TikaMetadataEnricher - TikaMetadataEnricher activated - enabled: true, priority: 100
[main] INFO org.apache.sling.cms.core.internal.FileMetadataExtractorImpl - Registered metadata enricher: tika
[main] INFO org.apache.sling.cms.core.internal.enrichers.TikaMetadataEnricher - TikaMetadataEnricher activated - enabled: true, priority: 100
[main] INFO org.apache.sling.cms.core.internal.FileMetadataExtractorImpl - Registered metadata enricher: tika
[main] INFO org.apache.sling.cms.core.internal.FileMetadataExtractorImplTest - Extracted metadata: {SHA256=07b3c333b937775691ad4cbfd59f4c04ff78954cee03c176a2471c68cb10823c, X-Parsed-By=org.apache.tika.parser.EmptyParser, Content-Type=image/png}
[main] INFO org.apache.sling.cms.core.internal.enrichers.TikaMetadataEnricher - TikaMetadataEnricher activated - enabled: true, priority: 100
[main] INFO org.apache.sling.cms.core.internal.FileMetadataExtractorImpl - Registered metadata enricher: tika
[main] INFO org.apache.sling.cms.core.internal.enrichers.TikaMetadataEnricher - TikaMetadataEnricher activated - enabled: true, priority: 100
[main] INFO org.apache.sling.cms.core.internal.FileMetadataExtractorImpl - Registered metadata enricher: tika
[main] INFO org.apache.sling.cms.core.internal.enrichers.TikaMetadataEnricher - TikaMetadataEnricher activated - enabled: true, priority: 100
[main] INFO org.apache.sling.cms.core.internal.FileMetadataExtractorImpl - Registered metadata enricher: tika
[main] INFO org.apache.sling.cms.core.internal.enrichers.OCRMetadataEnricher - OCRMetadataEnricher activated - enabled: true, priority: 60, language: eng, supported types: [image/png, image/jpeg, application/pdf]
[main] INFO org.apache.sling.cms.core.internal.enrichers.OCRMetadataEnricher - Tesseract OCR is available
[main] INFO org.apache.sling.cms.core.internal.FileMetadataExtractorImpl - Registered metadata enricher: ocr
[main] INFO org.apache.sling.cms.core.internal.FileMetadataExtractorImplTest - OCR text not extracted - this is normal if Tesseract is not installed or test image has no text
[main] INFO org.apache.sling.cms.core.internal.FileMetadataExtractorImplTest - Full metadata with OCR enricher: {SHA256=07b3c333b937775691ad4cbfd59f4c04ff78954cee03c176a2471c68cb10823c, X-Parsed-By=org.apache.tika.parser.EmptyParser, Content-Type=image/png}
[INFO] Tests run: 5, Failures: 0, Errors: 0, Skipped: 0, Time elapsed: 0.056 s -- in org.apache.sling.cms.core.internal.FileMetadataExtractorImplTest
[INFO] Running org.apache.sling.cms.core.readability.impl.ReadabilityServiceImplTest
[main] INFO org.apache.sling.cms.core.readability.impl.ReadabilityServiceImplTest - testARI
[main] INFO org.apache.sling.cms.core.readability.impl.ReadabilityServiceImplTest - Tests successful!
[main] INFO org.apache.sling.cms.core.readability.impl.ReadabilityServiceImplTest - testSMOG
[main] INFO org.apache.sling.cms.core.readability.impl.ReadabilityServiceImplTest - Tests successful!
[main] INFO org.apache.sling.cms.core.readability.impl.ReadabilityServiceImplTest - testAverageGradeLevel
[main] INFO org.apache.sling.cms.core.readability.impl.ReadabilityServiceImplTest - Tests successful!
[main] INFO org.apache.sling.cms.core.readability.impl.ReadabilityServiceImplTest - testGunningFog
[main] INFO org.apache.sling.cms.core.readability.impl.ReadabilityServiceImplTest - Tests successful!
[main] INFO org.apache.sling.cms.core.readability.impl.ReadabilityServiceImplTest - testFleschKincaidGradeLevel
[main] INFO org.apache.sling.cms.core.readability.impl.ReadabilityServiceImplTest - Tests successful!
[main] INFO org.apache.sling.cms.core.readability.impl.ReadabilityServiceImplTest - testColemanLiau
[main] INFO org.apache.sling.cms.core.readability.impl.ReadabilityServiceImplTest - Tests successful!
[main] INFO org.apache.sling.cms.core.readability.impl.ReadabilityServiceImplTest - testExtractSentences
[main] INFO org.apache.sling.cms.core.readability.impl.ReadabilityServiceImplTest - Tests successful!
[main] INFO org.apache.sling.cms.core.readability.impl.ReadabilityServiceImplTest - testFleschReadingEase
[main] INFO org.apache.sling.cms.core.readability.impl.ReadabilityServiceImplTest - Tests successful!
[INFO] Tests run: 8, Failures: 0, Errors: 0, Skipped: 0, Time elapsed: 0.021 s -- in org.apache.sling.cms.core.readability.impl.ReadabilityServiceImplTest
[INFO] 
[INFO] Results:
[INFO] 
[ERROR] Errors: 
[ERROR]   PreviewTokenManagerImplTest.testGeneratePreviewUrl » Runtime Unable to invoke method 'activate' for class org.apache.sling.xss.impl.XSSAPIImpl
[ERROR]   PreviewTokenManagerImplTest.testGenerateToken » Runtime Unable to invoke method 'activate' for class org.apache.sling.xss.impl.XSSAPIImpl
[ERROR]   PreviewTokenManagerImplTest.testGenerateTokenWithNoExpiry » Runtime Unable to invoke method 'activate' for class org.apache.sling.xss.impl.XSSAPIImpl
[ERROR]   PreviewTokenManagerImplTest.testGetToken » Runtime Unable to invoke method 'activate' for class org.apache.sling.xss.impl.XSSAPIImpl
[ERROR]   PreviewTokenManagerImplTest.testGetTokenWhenNoneExists » Runtime Unable to invoke method 'activate' for class org.apache.sling.xss.impl.XSSAPIImpl
[ERROR]   PreviewTokenManagerImplTest.testRevokeToken » Runtime Unable to invoke method 'activate' for class org.apache.sling.xss.impl.XSSAPIImpl
[ERROR]   PreviewTokenManagerImplTest.testTokenPersistence » Runtime Unable to invoke method 'activate' for class org.apache.sling.xss.impl.XSSAPIImpl
[ERROR]   PreviewTokenManagerImplTest.testValidateExpiredToken » Runtime Unable to invoke method 'activate' for class org.apache.sling.xss.impl.XSSAPIImpl
[ERROR]   PreviewTokenManagerImplTest.testValidateInvalidToken » Runtime Unable to invoke method 'activate' for class org.apache.sling.xss.impl.XSSAPIImpl
[ERROR]   PreviewTokenManagerImplTest.testValidateToken » Runtime Unable to invoke method 'activate' for class org.apache.sling.xss.impl.XSSAPIImpl
[INFO] 
[ERROR] Tests run: 87, Failures: 0, Errors: 10, Skipped: 0
[INFO] 
[INFO] ------------------------------------------------------------------------
[INFO] Reactor Summary for Apache Sling - CMS 1.1.9-SNAPSHOT:
[INFO] 
[INFO] Apache Sling - CMS ................................. SUCCESS [  4.659 s]
[INFO] Apache Sling - CMS API ............................. SUCCESS [  2.811 s]
[INFO] Apache Sling - CMS Core ............................ FAILURE [  3.400 s]
[INFO] Apache Sling - Login Fragment ...................... SKIPPED
[INFO] Apache Sling - CMS Frontend ........................ SKIPPED
[INFO] Apache Sling - CMS UI .............................. SKIPPED
[INFO] Apache Sling - CMS Reference Application ........... SKIPPED
[INFO] Apache Sling - CMS Content Distribution ............ SKIPPED
[INFO] Apache Sling Thumbnail Support ..................... SKIPPED
[INFO] Apache Sling - CMS Feature Model ................... SKIPPED
[INFO] Apache Sling - CMS Archetype ....................... SKIPPED
[INFO] Apache Sling - CMS Integration Tests ............... SKIPPED
[INFO] ------------------------------------------------------------------------
[INFO] BUILD FAILURE
[INFO] ------------------------------------------------------------------------
[INFO] Total time:  11.707 s
[INFO] Finished at: 2025-12-26T16:39:34+05:30
[INFO] ------------------------------------------------------------------------
[ERROR] Failed to execute goal org.apache.maven.plugins:maven-surefire-plugin:3.5.3:test (default-test) on project org.apache.sling.cms.core: 
[ERROR] 
[ERROR] See /Users/phoolchandra/projects/sling-org-apache-sling-app-cms/core/target/surefire-reports for the individual test results.
[ERROR] See dump files (if any exist) [date].dump, [date]-jvmRun[N].dump and [date].dumpstream.
[ERROR] -> [Help 1]
[ERROR] 
[ERROR] To see the full stack trace of the errors, re-run Maven with the -e switch.
[ERROR] Re-run Maven using the -X switch to enable full debug logging.
[ERROR] 
[ERROR] For more information about the errors and possible solutions, please read the following articles:
[ERROR] [Help 1] http://cwiki.apache.org/confluence/display/MAVEN/MojoFailureException
[ERROR] 
[ERROR] After correcting the problems, you can resume the build with the command
[ERROR]   mvn <args> -rf :org.apache.sling.cms.core
